symbol,total_records,high_volatility_count,high_volatility_ratio,avg_relative_ratio,avg_z_score,avg_confidence
SNDK,221,220,0.995475113122172,0.07179179257463503,0.7452843837044336,0.9240775096180154
COIN,1185,1179,0.9949367088607595,0.06700125064713701,0.7099489295092765,0.9296748186355362
688506,724,720,0.994475138121547,0.05799541217090508,0.7114230226783161,0.8866599972550928
688017,1296,1281,0.9884259259259259,0.060043485452156986,0.735037187024713,0.9194665422312537
688521,1294,1279,0.9884080370942813,0.05421321407798167,0.6320686316847648,0.8671411902105692
CVNA,1507,1485,0.9854014598540146,0.07810057458218764,0.7656063175906572,0.891442748935765
688608,1224,1206,0.9852941176470589,0.052746722816352176,0.7375519168401774,0.8810867733008402
APP,1184,1166,0.9847972972972973,0.05597543147207696,0.6935245646855845,0.8640970227347426
MRNA,1507,1483,0.9840743198407432,0.05828940522627546,0.6587414994515377,0.8758579416045221
HOOD,1111,1093,0.9837983798379838,0.055565210096295545,0.6654074586800021,0.8607482108712631
300394,1699,1668,0.9817539729252501,0.05458271806183828,0.6836038206654341,0.8626660831271709
688390,1291,1266,0.9806351665375678,0.06177867670217567,0.7637360067270167,0.9215604428086913
300502,1699,1663,0.9788110653325486,0.053834395381782967,0.5422663723578112,0.8523604257757033
PLTR,1319,1291,0.9787717968157695,0.053651955780242774,0.7074513164937885,0.8568353215420582
688072,900,880,0.9777777777777777,0.05596633921627756,0.7192587025820649,0.8978233062753823
688213,881,858,0.9738933030646992,0.05296021877802742,0.7269282820536845,0.8850059328197913
300757,1675,1631,0.9737313432835821,0.057136713123549406,0.6529807579957918,0.8755494248024874
300395,1699,1651,0.9717480871100648,0.04828607789668026,0.6908947381466636,0.845783918758827
300604,1688,1635,0.9686018957345972,0.05294875415664948,0.7062959399307075,0.8752911822523214
688111,1487,1437,0.9663752521856086,0.05172794064345519,0.7399486949673371,0.871401248167109
002384,1699,1641,0.9658622719246616,0.04696188580738545,0.6422605754617053,0.8207503540429996
688002,1566,1512,0.9655172413793104,0.04650011314658894,0.6878031933280566,0.8105306940417355
688063,1214,1172,0.9654036243822076,0.0531713518103693,0.7051478380445529,0.8452207507328751
601689,1699,1640,0.9652736904061212,0.04891025161963767,0.7654918069259306,0.8673276266592975
300567,1699,1637,0.9635079458505003,0.047567806521505565,0.7249998414230405,0.8478345689445242
FSLR,1507,1449,0.9615129396151294,0.04435199647446056,0.7247623584149109,0.8092182363032159
300724,1699,1631,0.9599764567392584,0.05081451969458267,0.7239190466606836,0.8504124159124449
688166,1493,1433,0.9598124581379772,0.04981003511941827,0.6239996145696146,0.820055264498785
300751,1699,1630,0.9593878752207181,0.049216692970151486,0.7419118710996038,0.8297390259995124
688256,1325,1270,0.9584905660377359,0.05592053851844578,0.6429556763300963,0.8343684951616119
300476,1699,1628,0.9582107121836374,0.04913910439107476,0.49720496082014903,0.7892467530181428
300438,1695,1624,0.9581120943952802,0.052308343335452,0.7098945038509821,0.8409060188954202
300347,1699,1627,0.9576221306650972,0.044489696373471575,0.729257704019867,0.8097943042773469
688169,1425,1364,0.9571929824561404,0.047087294537305424,0.718565010137457,0.8177512252720497
688036,1517,1452,0.9571522742254449,0.05047520992642875,0.69792145529799,0.8397572535280399
300274,1699,1625,0.9564449676280165,0.04989105880430807,0.7483586999015719,0.8245563156099074
300118,1699,1625,0.9564449676280165,0.049749383598006555,0.7420245943939704,0.8364720843177291
TSLA,1507,1441,0.9562043795620438,0.04796909557076445,0.7387496660672699,0.8356747254638026
688005,1565,1496,0.9559105431309904,0.05321777517593231,0.732193636893297,0.8354796424017136
603129,1699,1621,0.9540906415538553,0.04690080042336038,0.7758051996627221,0.8449760371513323
300661,1689,1611,0.9538188277087034,0.048515154588554335,0.7600909597275899,0.8241600450228106
688099,1553,1480,0.952994204764971,0.04816508806027964,0.7217314498135251,0.8491591870433639
002920,1699,1619,0.9529134785167745,0.046948398736017916,0.765504647223282,0.8423286700349303
300014,1699,1617,0.951736315479694,0.04708129758601361,0.7589433177071324,0.8345504209105762
300308,1699,1617,0.951736315479694,0.04672575715598658,0.5768916586747753,0.7683021912285072
300454,1699,1616,0.9511477339611536,0.04525507083131454,0.7235129741984581,0.7993978211526072
002436,1699,1613,0.9493819894055326,0.046251675737258434,0.7261931222109449,0.8295229684036237
002517,1699,1612,0.9487934078869924,0.04651813085700536,0.7176453984228788,0.7977327178509722
ALB,1507,1429,0.9482415394824154,0.04183575492908131,0.7534025551683615,0.7734870687903923
688617,1209,1146,0.9478908188585607,0.04653902430181002,0.7037903329598308,0.8155397964432427
688599,1351,1280,0.9474463360473723,0.04904073580935822,0.7623785158660425,0.8096663874524785
300496,1699,1608,0.9464390818128311,0.045538724219196684,0.7546588235772361,0.817013549923491
688012,1557,1472,0.945407835581246,0.04922431275786931,0.6795558209607597,0.8014467875799647
688008,1566,1480,0.9450830140485313,0.04465993154446042,0.6568383718994525,0.7795940238157232
300759,1681,1588,0.9446757882212968,0.04631935832888287,0.7211580574684846,0.7980357845555118
300573,1699,1604,0.9440847557386698,0.05194015681915581,0.7160689571656036,0.8638957580731611
603986,1698,1603,0.9440518256772674,0.04566867343550923,0.6907327596455738,0.8004698875438911
XYZ,1507,1422,0.9435965494359655,0.04620128809556745,0.7601892552059182,0.7920110526065346
300803,1487,1403,0.9435104236718225,0.05098317804053585,0.6295486845497463,0.807596141220541
300037,1699,1602,0.9429075927015892,0.04481812643398599,0.6791435560770251,0.780505839328837
688120,869,819,0.9424626006904487,0.04629524268680193,0.7253141000965636,0.8193870909620132
002837,1699,1601,0.9423190111830488,0.05017822384672779,0.7084062804635654,0.8398677143335835
NCLH,1507,1419,0.9416058394160584,0.050446248109948626,0.682560559142522,0.8153430153416092
GEV,442,416,0.9411764705882353,0.04324867092172996,0.716866928012185,0.7622808406986973
603596,1699,1599,0.9411418481459682,0.047679418007483175,0.7558542127155358,0.8407330535004038
605117,1142,1074,0.9404553415061296,0.05359485359754386,0.7989883951955292,0.8767137836952958
688266,1440,1354,0.9402777777777778,0.0470766136902986,0.692692141350945,0.810529441823305
300474,1699,1596,0.9393761035903473,0.04804913980703336,0.6839942870215747,0.8207639980566905
300763,1650,1549,0.9387878787878788,0.053511496362061456,0.729954496292075,0.8505573362094192
688041,812,762,0.9384236453201971,0.05146474230951405,0.6611346414030344,0.8168624028222184
TTD,1507,1413,0.9376244193762442,0.04643559312126515,0.718653549787285,0.793167621212605
WBD,1507,1413,0.9376244193762442,0.0442252182887293,0.5012673828056301,0.7442086473556545
300223,1693,1587,0.9373892498523332,0.04938991034458772,0.7084189354218464,0.8205724301153694
CRWD,1507,1412,0.9369608493696084,0.04314999930325889,0.7343807454332594,0.7656056447112166
300558,1699,1591,0.9364331959976456,0.042946966075687175,0.7165766567688536,0.7834621622161728
002812,1684,1576,0.9358669833729216,0.04402876817577176,0.7316723312339481,0.7809109663763373
300339,1694,1585,0.935655253837072,0.0498638489324266,0.5785009107498181,0.777855946732805
M,1507,1410,0.935633709356337,0.046608724237140124,0.6870876144127672,0.7824813349835521
603659,1699,1589,0.935256032960565,0.04417256676151791,0.7547148406906274,0.782411525060223
300054,1696,1586,0.9351415094339622,0.043855660496556086,0.7205018799242094,0.793269635730489
SMCI,1507,1409,0.9349701393497014,0.052464800079624375,0.6730997270100262,0.8106748565495224
Z,1507,1408,0.9343065693430657,0.043966119590729456,0.680274070695943,0.7685496675699649
603806,1699,1587,0.9340788699234844,0.04452307773862422,0.7153868078212565,0.7870304450531328
002050,1699,1587,0.9340788699234844,0.04215238604537755,0.7089635482942276,0.7866268206710708
300866,1300,1214,0.9338461538461539,0.04345351691071416,0.7080161338007267,0.778309745900727
688047,857,800,0.9334889148191365,0.04833949085625081,0.6853412664338014,0.8140765434909217
BBWI,1507,1406,0.9329794293297943,0.04227301850041047,0.7218375942036975,0.7490991381084761
300450,1699,1585,0.9329017068864037,0.042721887389167164,0.7713366068326665,0.7851631714622173
002938,1699,1583,0.9317245438493231,0.04245034475431816,0.7520265566803862,0.8128585582151289
002624,1699,1583,0.9317245438493231,0.042443807541605615,0.6879627366297566,0.768082351773692
688122,1566,1459,0.9316730523627076,0.046091265464359,0.710217275835114,0.8022762721572952
002459,1698,1581,0.931095406360424,0.04873074779311837,0.7551786592916014,0.8109639017042066
CCL,1507,1403,0.9309887193098872,0.04813437821072783,0.6546831015942182,0.7848357870946082
002475,1699,1581,0.9305473808122425,0.039544203880899374,0.7452226534422914,0.7683854947100125
002409,1699,1580,0.9299587992937022,0.04524480416981017,0.7682163656219819,0.8237274896358043
002129,1699,1580,0.9299587992937022,0.04192922240649283,0.7599719144764335,0.7562380909647421
AMD,1507,1401,0.9296615792966157,0.04053283403419575,0.6971100793105025,0.7528124016627201
601100,1699,1579,0.9293702177751618,0.04034620659296262,0.7202214496745853,0.753656779222099
002241,1699,1579,0.9293702177751618,0.04287210673811407,0.7669712489367675,0.8039412195214561
000032,1688,1567,0.9283175355450237,0.04566389415397319,0.733923220968912,0.7985633419629198
APA,1507,1398,0.9276708692767087,0.045772064934334236,0.7321890599882389,0.7750155064366097
002709,1699,1574,0.9264273101824603,0.04660881612068205,0.7230013424759238,0.7988422782721761
300972,1143,1058,0.9256342957130359,0.05124561328316503,0.695869251895192,0.7986063626768304
603486,1699,1572,0.9252501471453797,0.04433361755756432,0.7176426890111274,0.7889556131909894
DDOG,1507,1394,0.9250165892501659,0.045212965423490514,0.706034763123551,0.7829786496168096
002292,1699,1569,0.9234844025897587,0.04690913365199253,0.7298877141579161,0.8083313378167529
300568,1699,1568,0.9228958210712184,0.04718558425842771,0.6990110347927764,0.8110816747335227
300316,1699,1568,0.9228958210712184,0.04320015501081194,0.7379765147723469,0.7739713563854412
002851,1699,1568,0.9228958210712184,0.04239441615230487,0.667749548063283,0.7572137947086197
600418,1699,1567,0.922307239552678,0.0479214060140733,0.7315071186615842,0.8115482782303378
002463,1699,1567,0.922307239552678,0.0448957191808239,0.6833826573812938,0.7936373747735399
ON,1507,1389,0.9216987392169874,0.039662349419317684,0.7713732606264341,0.7490285164855892
300418,1699,1561,0.9187757504414361,0.04687788278376257,0.665858275435348,0.7687009264420568
300002,1699,1558,0.9170100058858152,0.045599572868582454,0.6852275771584715,0.7582388358190452
002821,1699,1558,0.9170100058858152,0.04010531417672198,0.7567696683063023,0.7500940480516793
603833,1699,1556,0.9158328428487346,0.0394723599344508,0.751990601111354,0.7828264009929511
300207,1699,1556,0.9158328428487346,0.045527799137699304,0.7336538966901135,0.8015543461165915
301236,924,846,0.9155844155844156,0.04918648761023869,0.6488590798695582,0.8016865654443266
002180,1690,1545,0.9142011834319527,0.04077385187638305,0.7690209657864437,0.7857265767997971
002371,1699,1553,0.9140670982931136,0.04498728751022837,0.7391069225410585,0.7849374314863269
300413,1699,1551,0.912889935256033,0.04220660227411586,0.754362481169479,0.7984880962803069
300782,1590,1451,0.9125786163522013,0.045158638899175006,0.7439542361338495,0.7844480796917479
688578,1234,1126,0.9124797406807131,0.04150315155782227,0.7220831738295176,0.7284441036997532
002555,1699,1549,0.9117127722189523,0.0430184462580173,0.7513779996674531,0.7973729057109153
EQT,1507,1373,0.9110816191108162,0.044809929970393174,0.7315290083252255,0.7511043926929598
002607,1699,1547,0.9105356091818717,0.044893432082218625,0.7181679649107482,0.7683549728619125
300253,1694,1542,0.910271546635183,0.04158930138201096,0.7096441727611422,0.7457803186020353
300459,1699,1542,0.90759270158917,0.04929440454320679,0.7020739094798403,0.7931825261588208
600563,1699,1542,0.90759270158917,0.03973691272184157,0.7566506886958178,0.7497857536814446
603799,1689,1532,0.9070455891059799,0.044081552917446476,0.7268387830092173,0.7696941865167388
603939,1699,1541,0.9070041200706298,0.03856770842766862,0.7697847399247588,0.7448833727043515
600588,1699,1539,0.9058269570335491,0.04095176874620208,0.7186669173133368,0.7498103236772556
300083,1689,1529,0.9052693901716993,0.04666903331169192,0.7160135010705988,0.7888374731055694
300390,1699,1538,0.9052383755150089,0.050125484250234456,0.6624711275735821,0.7578505779287964
300058,1699,1536,0.9040612124779281,0.04591441363420178,0.6854584659449081,0.7659536425675084
603606,1699,1536,0.9040612124779281,0.04181471952823661,0.7604919061828471,0.7521912022344385
300346,1691,1528,0.9036073329390893,0.04684031142928314,0.6762871454958176,0.7743541421776571
688180,1328,1199,0.9028614457831325,0.04433225614216723,0.538232956385802,0.6964341564179131
600745,1685,1521,0.9026706231454006,0.04292268976007447,0.7479305135651779,0.7741825567469734
300285,1699,1533,0.9022954679223072,0.037677572263824316,0.7425925799140951,0.7329341440991678
002156,1699,1533,0.9022954679223072,0.04313491673343703,0.7366033089592499,0.7729701087583725
601799,1699,1533,0.9022954679223072,0.038618707796640714,0.7645725922339468,0.7620419696929911
301358,705,636,0.902127659574468,0.04375393411770185,0.6571847161795786,0.7511848300820614
300136,1699,1532,0.901706886403767,0.04067018409335571,0.6977918133828266,0.7390887586406969
002353,1699,1531,0.9011183048852266,0.03785860467033632,0.7248437459339858,0.739273106145811
688188,1553,1399,0.9008370895041854,0.0424520768070488,0.7029736785264857,0.7825661217398137
603816,1695,1526,0.9002949852507375,0.03830153971220404,0.7809292643199611,0.7656199568685608
BLDR,1507,1356,0.8998009289980093,0.038740900634630517,0.7162477944098495,0.6727548635298826
MPWR,1507,1355,0.8991373589913736,0.03911736574997349,0.7096464872223218,0.7227814516476277
000807,1699,1527,0.8987639788110653,0.04039147942660452,0.7351861305079205,0.753076215086799
002138,1699,1527,0.8987639788110653,0.03717121903277075,0.7352523208760796,0.7359452697902072
002444,1699,1527,0.8987639788110653,0.038673210953004154,0.7601316763173049,0.7439043680313229
000933,1689,1518,0.8987566607460036,0.04187017859744382,0.7596316315080371,0.7755681250181649
002738,1699,1526,0.898175397292525,0.04475773952557601,0.7575781166599819,0.7841068671678745
DASH,1270,1140,0.8976377952755905,0.046762163891935514,0.6897769240907424,0.7492978241760133
002466,1693,1518,0.8966331955109273,0.04659427229211642,0.7216490303828225,0.782870359808492
000818,1682,1508,0.896551724137931,0.04270102085597775,0.733631501507771,0.7578734361923826
603501,1698,1522,0.8963486454652533,0.04272607486728238,0.7770211840929537,0.7739136173629841
688223,953,854,0.8961175236096537,0.04164992487180581,0.7460056725896772,0.7419636386078456
300832,1372,1229,0.8957725947521866,0.03920166692404999,0.6607564717884202,0.7065683290109572
300033,1699,1521,0.8952324896998234,0.044249266964016654,0.6238757445371814,0.7159862881513046
002544,1699,1521,0.8952324896998234,0.0396652248526714,0.734495047014522,0.7557314494561967
002460,1699,1520,0.8946439081812831,0.04330851196277139,0.708200552734239,0.7482150780322432
300433,1699,1519,0.8940553266627428,0.04088936204641068,0.7091612761153919,0.7389496516452225
000034,1699,1517,0.8928781636256622,0.042488638816937034,0.725510990438594,0.7724252952515087
GNRC,1507,1345,0.8925016589250165,0.039401408169636415,0.7215435945432402,0.7118761248051797
002410,1699,1515,0.8917010005885815,0.03855043075622568,0.7754363271938137,0.7291579579655979
300748,1699,1515,0.8917010005885815,0.04525945102773656,0.6738991941128377,0.7709963511911998
300073,1689,1506,0.8916518650088809,0.043370175684184255,0.7463540847604984,0.7744963391354541
601155,1699,1513,0.8905238375515009,0.03791006190048135,0.7613330440563847,0.7157697592879458
002049,1686,1501,0.8902728351126927,0.041042445705337556,0.7576196242198325,0.7530035386827592
300627,1699,1512,0.8899352560329605,0.03899137755794014,0.7066455477958171,0.7329541251365521
300601,1699,1510,0.8887580929958799,0.04035181811721892,0.70791517495469,0.7106853275700988
300442,1689,1501,0.8886915334517466,0.04230757704472637,0.6878244045930519,0.7252724509632181
300457,1694,1505,0.8884297520661157,0.0435387459189004,0.6807083327318975,0.7531102946374506
600699,1699,1509,0.8881695114773396,0.03889623193545975,0.7289213932477295,0.7287935624461491
601012,1693,1503,0.8877731836975783,0.03821928629815197,0.7409088339039583,0.7056677834935567
603650,1699,1508,0.8875809299587993,0.04352385157586715,0.7048383088748789,0.7706634513541093
UAL,1507,1336,0.8865295288652952,0.0421391836766519,0.6904667013838482,0.7201108516541116
002273,1699,1505,0.8858151854031784,0.039007166604348734,0.7373248626200041,0.7580719649528036
000426,1699,1505,0.8858151854031784,0.039581300340920944,0.6025203503241979,0.707532915530775
688777,1240,1097,0.8846774193548387,0.03863047057297388,0.7112213350628782,0.7282788569262619
UBER,1507,1329,0.8818845388188454,0.038681477530527295,0.732653084645313,0.7052751695285878
000733,1699,1497,0.8811065332548558,0.04099861530570482,0.774549586227391,0.7427287780980568
002271,1699,1497,0.8811065332548558,0.037443179204422576,0.7799259628290611,0.736798916831381
600438,1699,1496,0.8805179517363155,0.041239033856719544,0.7458987628890762,0.7580100769907167
002916,1699,1496,0.8805179517363155,0.04010454470621823,0.6835566556389439,0.7365569639373092
300251,1699,1496,0.8805179517363155,0.03992207128789159,0.46310216929513914,0.6884297088913648
002891,1689,1487,0.8804026050917703,0.03925147223423865,0.7477254399465244,0.7400446326165608
300068,1694,1489,0.8789846517119244,0.044880777472864404,0.6773007148953283,0.7636727678113588
605589,1066,936,0.8780487804878049,0.03807279429248375,0.6913414143726205,0.7035824531085149
688472,623,547,0.8780096308186196,0.043201425613055934,0.6647641831934751,0.753889557350166
300408,1699,1490,0.8769864626250736,0.03554860619267151,0.6981894239359117,0.684121926082975
000975,1684,1476,0.8764845605700713,0.035807050663127,0.7147191656367312,0.6929911592595653
688126,1375,1205,0.8763636363636363,0.04290163518383638,0.5885981701858922,0.6989093991100118
601615,1684,1475,0.8758907363420427,0.03943763357308994,0.7429187899729311,0.7325059922041488
ALGN,1507,1319,0.8752488387524884,0.03707937702534364,0.7373902131127471,0.7063226043067953
603259,1699,1486,0.8746321365509123,0.03689238223713844,0.7439162244380669,0.7114847258661239
002028,1699,1485,0.874043555032372,0.03878437720144129,0.6409045980665659,0.7007223552492619
688235,982,858,0.8737270875763747,0.03706684555803033,0.6628792645299355,0.688235725886548
002756,1699,1482,0.872277810476751,0.04537750818887338,0.7677994896394341,0.7592245595132056
300919,1219,1063,0.8720262510254306,0.04456754188922869,0.7366267595025916,0.7629278016611646
MOS,1507,1314,0.8719309887193099,0.03804961050123732,0.6734041753739302,0.6768983873201047
002176,1687,1470,0.8713692946058091,0.044267589440592316,0.7143752006952709,0.7542371740497275
WDC,1507,1313,0.8712674187126742,0.036142139330510054,0.5153974067052368,0.6196336342722463
NVDA,1507,1312,0.8706038487060385,0.03850913283064715,0.7441913462103393,0.7058687760689532
RCL,1507,1308,0.8679495686794957,0.04253469861917515,0.6823220774804915,0.7083890229081926
000066,1699,1474,0.8675691583284285,0.04158615371615514,0.7339530458172497,0.7527328968168627
300628,1699,1474,0.8675691583284285,0.036267372235377036,0.7309710771577579,0.6981082402856428
600079,1688,1463,0.8667061611374408,0.038140467391938146,0.745672172473154,0.734674436504434
300896,1275,1105,0.8666666666666667,0.041827449014748344,0.6647517107189479,0.7214514818914066
000977,1693,1466,0.8659184878913172,0.04006975301644451,0.7515828333044507,0.7346209527126666
DXCM,1507,1303,0.8646317186463172,0.03641941661903229,0.7225980351951848,0.6951456175856685
603979,1699,1469,0.8646262507357269,0.037981911578458975,0.7176938060291497,0.719555139214903
600570,1699,1467,0.8634490876986463,0.03694661400513868,0.7360091429816517,0.6908552164806604
002472,1699,1467,0.8634490876986463,0.041711658356860706,0.780272101044593,0.7656950772994204
HAL,1507,1300,0.8626410086264101,0.03744245328379326,0.737253125180617,0.6836201685313457
002245,1695,1461,0.8619469026548673,0.04362517852785461,0.75832913909965,0.7568564643795648
300142,1699,1464,0.8616833431430253,0.03980676953906638,0.7001053671474249,0.7054291961295595
002074,1692,1457,0.8611111111111112,0.040866551887440115,0.7486001922681923,0.7418774902578527
300122,1699,1461,0.8599175985874044,0.040690226124872685,0.7241185440532464,0.7209848104594866
000831,1699,1460,0.859329017068864,0.042707435574538065,0.7011200326703121,0.7274443294352968
600183,1699,1460,0.859329017068864,0.03792183951885089,0.6372709359334396,0.6898869323971323
MU,1507,1295,0.8593231585932316,0.035562467942230634,0.6128218866730382,0.6480611767283814
001914,1688,1447,0.8572274881516587,0.039625234667276965,0.7455667754453598,0.7493785258927856
000887,1699,1456,0.8569746909947028,0.03880854246878166,0.7334874684082083,0.7252855108508581
000938,1699,1456,0.8569746909947028,0.03831439575335622,0.7307179322617111,0.7248394724477119
600763,1699,1456,0.8569746909947028,0.038157447880676376,0.694920279109767,0.6998409614783478
002389,1699,1456,0.8569746909947028,0.03939047983990788,0.7335469623490793,0.7394192036935018
600885,1699,1454,0.8557975279576221,0.03650353505696282,0.7615625642263533,0.7256753408561928
002025,1699,1454,0.8557975279576221,0.03936121343765548,0.7887432257807638,0.7701048149585753
300750,1699,1453,0.8552089464390819,0.03661230305496711,0.7634771581970144,0.6953417807287744
TPL,1507,1288,0.8546781685467817,0.03866661945222995,0.6279480380362753,0.658057009904214
002572,1699,1452,0.8546203649205415,0.0368549594047813,0.7565043816840321,0.7508491845866914
300001,1699,1452,0.8546203649205415,0.03831996201831212,0.6889717199008024,0.7031396112039717
MTCH,1507,1286,0.8533510285335103,0.03751341901552592,0.7741332136957112,0.7056837690044713
600460,1688,1439,0.8524881516587678,0.041325454496674796,0.6921035156690419,0.7180812411024065
300699,1699,1446,0.8510888758092996,0.03604702564628504,0.7471926835947411,0.7014820399451985
002407,1699,1446,0.8510888758092996,0.04232446901323415,0.728979561798107,0.7303766517957191
300383,1699,1446,0.8510888758092996,0.03689506593620186,0.6971955921867485,0.6753238087490961
600584,1694,1441,0.8506493506493507,0.039311642054799235,0.7295820435111362,0.7259343580805189
000988,1699,1442,0.8487345497351383,0.037601586270507456,0.6535774640554513,0.6818357928816405
FCX,1507,1277,0.847378898473789,0.03517039255384011,0.7402623850640082,0.658610474443859
600580,1699,1439,0.8469688051795173,0.03947964407889824,0.6078372422897049,0.6977092656603041
600426,1699,1439,0.8469688051795173,0.035209309694882104,0.7234049373719275,0.6887329629105607
002648,1699,1439,0.8469688051795173,0.036142715243556535,0.7087309412264223,0.6732602849371255
VLO,1507,1276,0.8467153284671532,0.03487893455192641,0.755987009640933,0.6571087781926874
600258,1699,1438,0.8463802236609771,0.036599716159369675,0.7624238209084914,0.7364789189311798
600316,1699,1437,0.8457916421424367,0.04191806626908605,0.7461305481365725,0.7381389520689688
002044,1699,1436,0.8452030606238964,0.03756394538281076,0.7407515556049384,0.7066331694746862
603885,1699,1436,0.8452030606238964,0.03638469105912179,0.7614249857644698,0.7338799794824757
601127,1698,1432,0.8433451118963486,0.046534065754217646,0.7684522630635315,0.7855204511882944
600754,1699,1432,0.8428487345497352,0.037916821007730826,0.8037857399854497,0.757281402217645
601567,1699,1431,0.8422601530311948,0.03846726680818457,0.7586903468373848,0.7036408463441226
603605,1699,1430,0.8416715715126545,0.035799530000801126,0.7593101445968938,0.7138913034621335
002281,1699,1429,0.8410829899941142,0.03802873897293989,0.7165823954119913,0.7034519655538808
603260,1699,1428,0.8404944084755739,0.039416772447317734,0.6213799245049639,0.6728807144484944
002130,1699,1426,0.8393172454384933,0.03952677311328894,0.7046558801797448,0.6892606249556215
601058,1699,1426,0.8393172454384933,0.03800778574576356,0.7468057831994317,0.702516172366223
STLD,1507,1264,0.8387524883875249,0.03406765027772311,0.7252620117671176,0.6357543553687333
WSM,1507,1264,0.8387524883875249,0.03624056810688564,0.672924557633313,0.6599838603867363
002497,1699,1425,0.8387286639199529,0.04128567211500164,0.7233494887730629,0.7348205261369565
000786,1699,1424,0.8381400824014126,0.03472141804144028,0.7345165773299861,0.690911009929099
002456,1684,1411,0.8378859857482185,0.03885312214291185,0.7198431822525445,0.7123169931555309
300124,1688,1413,0.8370853080568721,0.035113104219963394,0.7081452592066557,0.6641965634893657
002841,1699,1422,0.836962919364332,0.03313327043705596,0.7463931351563513,0.6604390331535649
002625,1699,1422,0.836962919364332,0.03930445646122141,0.700463323692525,0.6918753255858909
600521,1699,1421,0.8363743378457916,0.038935061509639324,0.7287340961287045,0.7211164830452627
600862,1699,1421,0.8363743378457916,0.039200552474511076,0.7328118264833924,0.7178547771076589
002532,1688,1411,0.8359004739336493,0.03861313367392943,0.7075379907568574,0.7233203996743206
603019,1686,1405,0.8333333333333334,0.03858131485666083,0.6959585855942839,0.7023948062943901
600160,1689,1407,0.8330373001776199,0.03675734978067789,0.7267041318551075,0.7049378629994333
000568,1699,1415,0.8328428487345497,0.03524098110271314,0.7536747921156327,0.6874024850188462
002027,1699,1414,0.8322542672160094,0.0343331936988511,0.7220115429688337,0.681505664681428
000963,1699,1413,0.8316656856974691,0.03483040719000959,0.7348860329425287,0.6682600379272742
PODD,1507,1253,0.8314532183145322,0.03666538177314505,0.7049517696008961,0.6984685274220773
600765,1699,1412,0.8310771041789288,0.03954883389105513,0.7277812886527588,0.7202806644299425
300012,1699,1412,0.8310771041789288,0.03423741880996097,0.7315058295362866,0.6665474927262596
600392,1699,1410,0.8298999411418482,0.04030426777785236,0.698280871874429,0.7031911772017175
000625,1699,1407,0.8281341965862272,0.039468671788936996,0.711754817845922,0.7320711716943319
600845,1698,1406,0.8280329799764429,0.03460092266629736,0.7435279080426594,0.6852023260009692
002414,1699,1406,0.8275456150676869,0.03662192586282882,0.694623614112965,0.6609490883709249
000519,1699,1401,0.8246027074749853,0.039524587903010014,0.739263663433894,0.7146917629839955
302132,1689,1392,0.8241563055062167,0.03885406412949443,0.6099703141792866,0.6377994943044643
LRCX,1507,1242,0.8241539482415395,0.03385396041026414,0.6542699843776946,0.629701014151828
000408,1692,1392,0.8226950354609929,0.038640312015654404,0.7503540446292293,0.7001067814426453
600486,1694,1391,0.8211334120425029,0.03415905661548103,0.7338162930445448,0.662297686687305
TECH,1507,1237,0.820836098208361,0.03219027836511418,0.7441630644936078,0.6382252114865118
TER,1507,1236,0.8201725282017253,0.033545592341495296,0.7154682021646838,0.6522002067871234
605499,1118,916,0.8193202146690519,0.035282802542072125,0.7269885450599258,0.6694380405136576
300529,1699,1390,0.8181283107710418,0.03499628386860271,0.7805417182025428,0.6937637085423326
000400,1699,1389,0.8175397292525015,0.037453227955196865,0.7377184030439059,0.6965803384219672
002405,1699,1389,0.8175397292525015,0.03750059162409732,0.7062327811300833,0.6969243312074602
002008,1699,1388,0.8169511477339612,0.034824735723423414,0.7452930683805081,0.6929351689814084
300017,1699,1387,0.8163625662154208,0.03723578965960512,0.6814785741226814,0.6744990612888191
603899,1699,1387,0.8163625662154208,0.032421962395203244,0.7389845495195335,0.659592965618735
601633,1699,1385,0.8151854031783402,0.039285995616816755,0.715147750985595,0.6952078868447379
600026,1697,1383,0.8149675898644667,0.038651973808366887,0.7334406041232656,0.7186309273669527
ABNB,1269,1034,0.8148148148148148,0.036331448437262645,0.6785956332099846,0.671858194544753
AXON,1507,1225,0.8128732581287326,0.03650177882303044,0.6087767838190088,0.6249296233884373
DVN,1507,1225,0.8128732581287326,0.03886778601441083,0.7146155680165391,0.6625481354577174
002244,1699,1380,0.8122424955856387,0.037241751565316165,0.7638323347220339,0.7130997085369422
002422,1699,1379,0.8116539140670983,0.032114626117599625,0.7209496575614697,0.6366339192548846
002558,1699,1378,0.811065332548558,0.037658636740610534,0.6658616929743061,0.6801143564187885
FIX,1507,1219,0.8088918380889184,0.03335157665608898,0.6451075514088737,0.5716416201750516
601233,1699,1374,0.8087110064743968,0.03419693537122309,0.7130055095088177,0.6614833085377535
MCHP,1507,1218,0.8082282680822827,0.032460133560444214,0.7406904867746577,0.6436962269027124
002131,1699,1373,0.8081224249558564,0.038780512592391,0.6872929612303218,0.660950481466953
600988,1693,1367,0.8074424099232133,0.036028660627080863,0.7338423773728231,0.6831587517270358
CF,1507,1216,0.8069011280690113,0.033698108627262545,0.7264846600063372,0.6309216005093009
002318,1699,1370,0.8063566804002354,0.03390401241870512,0.7395434171485263,0.6492075005652058
TPR,1507,1214,0.8055739880557399,0.03426964680299424,0.6584107432148807,0.641800742156376
000661,1690,1361,0.8053254437869822,0.03468859042956185,0.7792611852180651,0.6824505881373469
WYNN,1507,1213,0.8049104180491041,0.03612075450661501,0.7144047459815639,0.6854648672125346
603392,1378,1109,0.8047895500725689,0.04043785908753237,0.7699736504197221,0.7283616807264877
CEG,991,797,0.8042381432896064,0.03704948044102155,0.7664684783211014,0.6814366880273733
600499,1699,1366,0.8040023543260741,0.038973730780470665,0.7419977870602337,0.6910106608503211
688271,816,656,0.803921568627451,0.0337775021508707,0.6877539962811139,0.6345151135179506
600141,1698,1365,0.803886925795053,0.03657853761640032,0.6826643505251684,0.668814061258125
SLB,1507,1211,0.8035832780358327,0.03396513582254741,0.7223618789609444,0.6282641924878078
601872,1699,1364,0.8028251912889935,0.036076455907660746,0.7586304520633652,0.7186771605336749
000547,1699,1364,0.8028251912889935,0.036455631536616705,0.7020710888912692,0.6640668985379805
DECK,1507,1209,0.8022561380225613,0.03342912053688824,0.6850318703188918,0.6332248340433918
DAL,1507,1209,0.8022561380225613,0.03475359613934582,0.675846032548064,0.6287998582506007
688396,1421,1140,0.8022519352568613,0.03758155372018143,0.6877270795087006,0.6862759711945345
601888,1699,1361,0.8010594467333726,0.035126554045388614,0.7403690649006824,0.6648701467427045
300088,1699,1361,0.8010594467333726,0.036359870214389384,0.6906366699961011,0.6728146702334489
NXPI,1507,1204,0.7989382879893829,0.03181992199536356,0.71560094420101,0.6124467028890357
603087,1340,1070,0.7985074626865671,0.03344399336862683,0.6033099920988022,0.6031158902931852
688065,1304,1041,0.7983128834355828,0.03497837354549209,0.6564881337414594,0.6357147449557402
EXPE,1507,1203,0.7982747179827472,0.03482521218339285,0.6953529876433138,0.652998386071154
300003,1699,1356,0.7981165391406709,0.03337730145352878,0.7207404582132756,0.6359574858610745
688303,1079,861,0.7979610750695088,0.03818679025774146,0.6412735721457492,0.6545379153017921
002230,1699,1354,0.7969393761035903,0.035103879664448605,0.7167789733148741,0.6705132237819859
002312,1684,1341,0.7963182897862233,0.03863219751851575,0.6578767912241914,0.6590879501167799
002739,1693,1348,0.796219728292971,0.0333490727008481,0.7054976456382841,0.6492258712343171
300015,1693,1348,0.796219728292971,0.03394169991273468,0.7211269313209976,0.6409467789923319
AMAT,1507,1199,0.7956204379562044,0.032263184571074965,0.7064562025806803,0.6216518722532408
URI,1507,1197,0.794293297942933,0.03290939316317709,0.6950902251652679,0.6227679965723834
002714,1699,1349,0.7939964685108888,0.03513826966210048,0.7314753864153262,0.6683701042718957
MGM,1507,1194,0.7923025879230259,0.036381977435124634,0.7527792370037388,0.6779378494270933
FANG,1507,1193,0.7916390179163901,0.03839203532870599,0.7362062215978294,0.6671045476023298
002145,1699,1344,0.7910535609181871,0.0367895314634353,0.6727333398625209,0.6524691164716504
PAYC,1507,1191,0.7903118779031187,0.033576660541603305,0.7687674623480263,0.647974709966036
002236,1697,1341,0.7902180318208604,0.034203406787837516,0.7209493992388754,0.6622444554443015
300144,1699,1342,0.7898763978811065,0.033305908193306456,0.7604506311757456,0.6699700529242074
600166,1699,1339,0.7881106533254856,0.035043977311663345,0.7196629475986159,0.6512081382797907
600673,1689,1330,0.7874481941977501,0.036606626465182715,0.6410608461595378,0.6530661601323784
000708,1697,1334,0.7860931054802592,0.03371178348674665,0.697545777014245,0.6436671538312041
600312,1699,1335,0.7857563272513243,0.03492480551970412,0.7386480292498963,0.6718694245723456
002294,1699,1333,0.7845791642142437,0.03260520482572627,0.7079538122405232,0.634252563499484
603993,1699,1326,0.7804590935844614,0.03485037062848517,0.6664577775145804,0.6530192718403739
002179,1699,1324,0.7792819305473808,0.03290646132497333,0.728009923167873,0.6439259400812506
KLAC,1507,1174,0.7790311877903119,0.03206205552145255,0.6610892398413152,0.5999613013857138
002152,1699,1322,0.7781047675103002,0.03325762075819139,0.713753743374291,0.64411541516274
600760,1699,1318,0.7757504414361389,0.03519271631410783,0.7094185831530374,0.6555111068095704
000063,1698,1317,0.7756183745583038,0.03416922975573297,0.7154187647149021,0.6508738505870322
002601,1699,1317,0.7751618599175986,0.03362695800159734,0.6829239843808043,0.6312959179076045
002185,1683,1304,0.7748068924539513,0.03547156184602297,0.6796670298494649,0.6371327726520661
600522,1699,1316,0.7745732783990583,0.035898985099143695,0.7514494577074228,0.6934476984570708
601966,1695,1312,0.7740412979351032,0.034194909686179456,0.7078999979257801,0.6631423339849261
NUE,1507,1163,0.7717319177173192,0.03136464719141431,0.7430550306538116,0.6145209655647321
002155,1699,1310,0.7710417892878164,0.03479640613722591,0.7326597172238045,0.6708953285261031
002120,1699,1309,0.7704532077692761,0.033826224814645374,0.7706486975985509,0.6802588229142161
600066,1698,1307,0.7697290930506479,0.03241962737439129,0.7484324503106191,0.6522998004497391
ANET,1507,1159,0.7690776376907764,0.03144553065860914,0.7026248881890588,0.5892739827109614
300676,1699,1305,0.7680988816951148,0.03427175206850601,0.6812288230989096,0.6194331507440776
000009,1699,1305,0.7680988816951148,0.03715426190280153,0.6549235629098692,0.6553364197095927
RL,1507,1157,0.767750497677505,0.03190051492165839,0.6525710830941767,0.6088786513902908
MPC,1507,1157,0.767750497677505,0.033185709126520795,0.7360745408500965,0.6029847153638479
601677,1699,1304,0.7675103001765744,0.0354533939653844,0.7092715733756808,0.6659651121588527
000738,1699,1303,0.7669217186580342,0.03382237045901539,0.7542310622822824,0.6638510630538373
STX,1507,1155,0.7664233576642335,0.031101946423356626,0.516843823106325,0.5323053008462412
600096,1699,1302,0.7663331371394938,0.03806115849489046,0.6949168844888347,0.6571114058389831
600150,1673,1282,0.766288105200239,0.03451185093131126,0.7205506309170476,0.6604312649859171
002465,1699,1301,0.7657445556209534,0.03171790023706499,0.7454372261865593,0.6400543185684928
002085,1699,1299,0.7645673925838729,0.03597060416321387,0.6778312603337142,0.6359083046799713
BKR,1507,1152,0.7644326476443265,0.03282413675758911,0.7050752956642159,0.6254313660230012
600233,1699,1297,0.7633902295467923,0.03275334916900281,0.7473404359807645,0.6642288702152062
601021,1699,1295,0.7622130665097115,0.03079096195432348,0.7297454709028287,0.6308845361564575
600487,1688,1286,0.7618483412322274,0.03335152462010123,0.7398766424196365,0.6641474156578367
EPAM,1507,1147,0.761114797611148,0.0339364028919626,0.6431820508222109,0.6052031129673309
002223,1699,1293,0.761035903472631,0.03214963495118462,0.7051461424798189,0.6125788251747685
600895,1699,1290,0.75927015891701,0.036973221692301286,0.6974137944302159,0.6591881916505826
002594,1699,1289,0.7586815773984696,0.03354181523796454,0.7775178970601024,0.6473839076731108
FTNT,1507,1143,0.7584605175846052,0.031722335130505736,0.7083591317685798,0.5946083578020851
600803,1680,1273,0.7577380952380952,0.0311815047766883,0.7313972773704347,0.6320671914353256
IVZ,1507,1141,0.7571333775713338,0.03181290712120092,0.6972839036874178,0.5966151436358597
000683,1699,1286,0.7569158328428487,0.03656253117953979,0.6953829307054906,0.6572275637307762
LUV,1507,1140,0.7564698075646981,0.03194561663821137,0.7034951696123259,0.6028471957474607
601899,1695,1281,0.7557522123893805,0.03137897361483552,0.6964112077242711,0.6170192475759184
600529,1699,1283,0.7551500882872277,0.033925446814319554,0.6804762248894574,0.6656762460951544
000960,1699,1282,0.7545615067686875,0.033190304737295576,0.7183557180737952,0.6527773314944808
002195,1699,1281,0.7539729252501471,0.035168573891298543,0.6533549266097344,0.6199876075289623
300760,1699,1281,0.7539729252501471,0.03189149133454136,0.7364070238443087,0.6309060363628988
CRL,1507,1136,0.7538155275381553,0.03133707520972765,0.7229439189333298,0.617308317372755
300024,1699,1280,0.7533843437316068,0.03515136664222901,0.6364445293881932,0.6086154733169965
SWKS,1507,1132,0.7511612475116125,0.030131764284893857,0.7029651216542366,0.5810903952472649
CTRA,1507,1132,0.7511612475116125,0.03169775229178796,0.7253793195944189,0.60541084209653
600816,1643,1234,0.751065124771759,0.0347567286935102,0.6305614199941028,0.6367437836689486
000035,1699,1275,0.7504414361389052,0.03302334391099309,0.7251908406188581,0.6421123014125765
601168,1699,1275,0.7504414361389052,0.033210648958855296,0.7536105925330686,0.6545704548347424
601360,1699,1274,0.7498528546203649,0.03453065084402358,0.7216702145531844,0.6324748066334152
PSX,1507,1130,0.7498341074983411,0.03065536474159151,0.7211274730048278,0.59780353937564
600111,1699,1273,0.7492642731018246,0.03711911367131667,0.6934706289740996,0.6437536334851751
600667,1699,1272,0.7486756915832843,0.0343040478822498,0.6842907705203617,0.6291056595883248
002064,1684,1258,0.7470308788598575,0.033213287851394574,0.6924233310831189,0.6262317705959748
PHM,1507,1125,0.7465162574651626,0.030989617052009703,0.7191649874564514,0.606902397059542
APTV,1507,1125,0.7465162574651626,0.031760324913292455,0.7389614004477517,0.6181990512839548
PYPL,1507,1124,0.7458526874585268,0.031122826716822927,0.7630944608689162,0.6517628308217669
300059,1699,1267,0.7457327839905827,0.03445288272782806,0.704110271932207,0.6309687312438498
NRG,1507,1123,0.7451891174518912,0.030891668157155786,0.6835997276004795,0.5705245764719964
LVS,1507,1123,0.7451891174518912,0.03205016599277473,0.6773037496335097,0.61274725949431
600176,1689,1255,0.7430432208407342,0.03198609419868637,0.6914979304445711,0.614974259622123
600048,1699,1262,0.7427898763978811,0.0317513803391241,0.7468828941780118,0.6436915033201525
600549,1699,1262,0.7427898763978811,0.03410764163626645,0.7393058291166629,0.6623097442771196
000768,1699,1261,0.7422012948793408,0.033236761649922404,0.7449817097206369,0.6516448253775896
LEN,1507,1117,0.7412076974120769,0.03082159969799081,0.7185043944318774,0.6021212991436609
LULU,1507,1117,0.7412076974120769,0.030237708526599783,0.724687495023956,0.5997317358980814
600893,1688,1251,0.7411137440758294,0.034299556095678654,0.7154034347918268,0.642513404753104
600415,1699,1258,0.7404355503237199,0.03386276559972302,0.7017208596001375,0.6265428758651034
002493,1699,1258,0.7404355503237199,0.031975513375843784,0.6517286831420628,0.6004072262647847
AES,1507,1112,0.7378898473788985,0.031117904751182635,0.7316437827917868,0.5933816999360889
EXE,1228,906,0.737785016286645,0.030687348860874254,0.7342334168171588,0.6086452713972893
601600,1699,1253,0.7374926427310182,0.032357033431474336,0.7080974787091965,0.6371136954470608
BA,1507,1111,0.7372262773722628,0.0325442992225071,0.668328695986237,0.5916232161433382
NFLX,1507,1111,0.7372262773722628,0.030604488299809836,0.7101104743504425,0.6187099585686237
600989,1612,1187,0.7363523573200993,0.031957639545664496,0.7150159156380749,0.6342154183949379
000425,1676,1233,0.7356801909307876,0.030216800865954876,0.7212222910979741,0.6043431989699467
600690,1697,1247,0.7348261638185032,0.02924454170956069,0.7382424871260315,0.5960244000489896
OXY,1507,1107,0.73457199734572,0.038102254678561195,0.701708231843804,0.6404286116610959
002065,1699,1247,0.7339611536197763,0.03285169061844186,0.6650757185781689,0.6012553446639717
DELL,1507,1106,0.7339084273390842,0.030720343243102913,0.7279929919778327,0.5673153059442437
000100,1698,1245,0.7332155477031802,0.03192487551715586,0.6908363028520618,0.6038348427812672
600118,1699,1245,0.7327839905826957,0.033973612308563904,0.6215420420551491,0.6024681991215043
002202,1693,1240,0.7324276432368576,0.032186153617639136,0.711345441711011,0.6233469623304471
600143,1699,1244,0.7321954090641554,0.03389897455120568,0.6813630986188548,0.6194247202750951
600309,1699,1243,0.731606827545615,0.029522306760368246,0.70708245809334,0.5771910416305623
SYF,1507,1101,0.7305905773059058,0.03129135782069863,0.6900769584501761,0.6076108844454051
000301,1688,1233,0.7304502369668247,0.036411507986124456,0.6691500877194609,0.6217072857201092
600346,1699,1241,0.7304296645085344,0.03163537462274534,0.6594911789388515,0.5908288559165398
ODFL,1507,1100,0.7299270072992701,0.029151334445469294,0.6908265589366472,0.5530412514911406
000069,1699,1240,0.7298410829899941,0.03098866377094776,0.7374390847568824,0.5971750963477729
GM,1507,1099,0.7292634372926343,0.030294622160323338,0.7434978487116406,0.6013947001171459
002595,1699,1239,0.7292525014714538,0.03050874514176765,0.6859137511181612,0.601439496898617
F,1507,1097,0.7279362972793629,0.030791144392267267,0.6994122792612344,0.5980346962949705
INTC,1507,1097,0.7279362972793629,0.031154007835499046,0.6942375052894029,0.5829605500048457
600276,1699,1236,0.7274867569158329,0.029051934466439125,0.7324793316117227,0.5874012085246932
KEY,1507,1096,0.7272727272727273,0.03156185028525466,0.698286693084693,0.5966192245333676
APO,1507,1094,0.7259455872594559,0.03150361109360231,0.6612332709233827,0.5818457760198068
002603,1699,1233,0.7257210123602119,0.03471744967422424,0.6541168919259038,0.5879674955832128
600859,1682,1220,0.7253269916765755,0.03478481850483821,0.6200602291385534,0.610029536159285
PANW,1507,1093,0.7252820172528202,0.029411976771596827,0.7373432611217461,0.589952144172541
601225,1699,1231,0.7245438493231312,0.030283755491229886,0.74220635962908,0.5984707517105984
600325,1699,1231,0.7245438493231312,0.0317230579209103,0.7464915558823051,0.6399595885950261
001979,1683,1219,0.7243018419489008,0.03253697076518653,0.7513025462969376,0.6551133584358069
000792,1385,1003,0.7241877256317689,0.03296241837090594,0.6314820363572295,0.5902917831773203
600864,1699,1230,0.723955267804591,0.034472790646570446,0.7291087718191084,0.6298562314590855
601111,1698,1229,0.7237926972909305,0.030236232939490657,0.7437971403187092,0.6161436274346039
600031,1699,1229,0.7233666862860506,0.030104212650421205,0.6299108330283295,0.5654303655972862
META,1507,1090,0.7232913072329131,0.028850440749138565,0.6879957252384985,0.5843905535415129
600161,1699,1225,0.7210123602118893,0.030775743051720903,0.6822723113806132,0.5951454164177791
DHI,1507,1085,0.7199734571997346,0.030028578183574524,0.7064882871855248,0.586915724850084
WDAY,1507,1084,0.7193098871930989,0.02975232207036705,0.7549760160880145,0.6094790632903678
FICO,1507,1084,0.7193098871930989,0.030623906449821707,0.6021975287080353,0.533442111104212
601877,1699,1221,0.7186580341377281,0.03148109142193242,0.675365390225088,0.5894368604763485
600406,1699,1220,0.7180694526191878,0.030966409565209154,0.7037134717449268,0.6079715475872353
600515,1694,1216,0.717827626918536,0.03503375297748307,0.7409018639184008,0.6584773980986223
002078,1699,1217,0.7163037080635668,0.03009222189059489,0.6864989824213388,0.5752121496251092
000932,1698,1216,0.7161366313309776,0.03142376422196472,0.6981498765266885,0.6140678128080778
BBY,1507,1079,0.7159920371599203,0.02918429927923772,0.702586321887521,0.5602258891065044
000878,1690,1208,0.714792899408284,0.030545143023044105,0.7338453872581296,0.6121821819216005
TRGP,1507,1077,0.7146648971466489,0.03562077784514989,0.665870152287007,0.6068704209352916
VTRS,1507,1076,0.7140013271400133,0.029532797945374143,0.6225739886967757,0.5274779575438172
NOW,1507,1076,0.7140013271400133,0.030738613837815006,0.7229460254580992,0.6007325831675225
000415,1699,1212,0.7133608004708653,0.03125008537281806,0.67348751180706,0.5852275146839562
TKO,1507,1075,0.7133377571333775,0.029804818682322442,0.6786064809979682,0.5608880731673263
CFG,1507,1075,0.7133377571333775,0.030720357782637958,0.7225818838649343,0.5876301650388923
LYV,1507,1075,0.7133377571333775,0.032850767702813984,0.6862754052305071,0.590543043485996
HST,1507,1074,0.7126741871267419,0.03041370131392344,0.6915967377523151,0.5689557630049871
601601,1699,1208,0.711006474396704,0.028557584344548942,0.7095457112020463,0.5619033113332833
BX,1507,1069,0.7093563370935634,0.030298171675992223,0.7263799551422974,0.5938998796992414
600741,1699,1204,0.7086521483225426,0.030443453897079982,0.7762772230206091,0.6333843657405154
000423,1699,1204,0.7086521483225426,0.029687668291110487,0.7225499670715838,0.601287145377554
000629,1699,1203,0.7080635668040024,0.03306621479959206,0.6445800450197257,0.5949293324962743
002415,1697,1201,0.7077195050088392,0.029908078986683285,0.7123132443469221,0.6119922295711718
EOG,1507,1066,0.7073656270736562,0.03154427823852571,0.7300003295918943,0.5839361292280267
MOH,1507,1065,0.7067020570670206,0.030175126024632848,0.7109419177346065,0.5695502898964584
ZBRA,1507,1062,0.7047113470471135,0.028899993950224714,0.7112101793709042,0.5742343609441405
600839,1699,1197,0.7045320776927605,0.034504649159368794,0.5862789110900455,0.5831392620927917
POOL,1507,1060,0.7033842070338421,0.028978925046535254,0.711853486193915,0.5614896420525236
601628,1699,1195,0.7033549146556798,0.029641368179193908,0.7056162146652046,0.5823387456430493
603568,1699,1195,0.7033549146556798,0.029690158324042034,0.7226916964780562,0.6009005056129755
002007,1699,1194,0.7027663331371395,0.030954285506506897,0.6874865601942172,0.5891699719303659
600879,1699,1192,0.7015891701000588,0.03041205494766667,0.6095070368492963,0.5596939334848698
000830,1689,1184,0.7010065127294257,0.03213136464025526,0.7169737973335718,0.6294779079848688
COF,1507,1055,0.7000663570006636,0.029549803266204017,0.6715343690285855,0.5681948886329404
QCOM,1507,1052,0.6980756469807564,0.02873778525230326,0.6773772226664931,0.5442172267345979
000338,1699,1185,0.6974690994702767,0.02880418843193808,0.6920143063757548,0.5644791562138128
600498,1699,1184,0.6968805179517363,0.03149139264213097,0.6795117235496322,0.5893255459325449
AVGO,1507,1047,0.694757796947578,0.029431127687484935,0.7079680229009855,0.5555850050434479
BXP,1507,1047,0.694757796947578,0.028678857214140797,0.6702297373373278,0.5425437045807725
002352,1696,1178,0.6945754716981132,0.02879879874820322,0.7119873133210957,0.5737345261657373
600011,1699,1178,0.6933490288404944,0.033019154310046095,0.7467358647388591,0.632968047854294
ULTA,1507,1040,0.6901128069011281,0.028999724913374738,0.7004720602063028,0.5461431827523833
002340,1699,1171,0.6892289582107122,0.03223267478908261,0.7174048668447898,0.6255414219353786
IDXX,1507,1038,0.6887856668878567,0.028032975688908227,0.7312597545202836,0.5606382456256592
600038,1689,1156,0.6844286560094731,0.03036966728536758,0.7172271488015235,0.6075033843450282
SNPS,1507,1031,0.6841406768414068,0.028173424087963694,0.6997905886447275,0.5456287080036789
002128,1690,1156,0.6840236686390533,0.031092852101877053,0.7333135456929656,0.6111297777917243
RVTY,1507,1030,0.683477106834771,0.027558946649809304,0.7265450333522703,0.5566283550179529
KKR,1507,1028,0.6821499668214996,0.029444246493841312,0.6868478122554621,0.5687195088443776
603288,1699,1156,0.6804002354326074,0.027410204501254077,0.7321110580863613,0.5587324851109633
HPE,1507,1025,0.6801592568015926,0.028420911656371013,0.6665887151975215,0.5279250007311835
NEM,1507,1024,0.6794956867949569,0.028030185745384097,0.6913915801777708,0.532800509825103
COP,1507,1022,0.6781685467816855,0.029239998073060467,0.7239764924563118,0.550200836403692
601179,1699,1152,0.6780459093584461,0.03244258325392593,0.681056302327626,0.5922491928595339
600482,1688,1143,0.6771327014218009,0.02932685158106666,0.7133077506588394,0.580217633029208
688981,1321,894,0.6767600302800908,0.03174431515250704,0.6513772208993569,0.5706536590519167
SWK,1507,1019,0.6761778367617783,0.028833766432032438,0.7086257685305676,0.5733328709533339
000999,1699,1148,0.6756915832842849,0.03143495326032624,0.7411764465388269,0.6109718055328045
PWR,1507,1018,0.6755142667551427,0.02875717862140925,0.6855654900363778,0.5542957634955354
IBKR,1507,1017,0.674850696748507,0.028477166603350767,0.646763197599938,0.5416695023680904
FMC,1507,1017,0.674850696748507,0.028795290507644542,0.6812290884076213,0.512339870350865
600029,1699,1143,0.6727486756915833,0.02763304681820693,0.7509721721137571,0.5755218638808091
EL,1507,1012,0.6715328467153284,0.028068933589635508,0.7206121578025196,0.5563042683345473
JBL,1507,1011,0.6708692767086928,0.028301596500598283,0.6393696715980943,0.5169896492370264
000858,1699,1138,0.6698057680988817,0.028368480250852042,0.7104488073346061,0.5669689123775317
603077,1699,1134,0.6674514420247204,0.031078201882536197,0.6677711447975315,0.5636477704735428
000002,1699,1133,0.6668628605061802,0.02891995584061196,0.759179256673934,0.5873846429410731
002001,1699,1132,0.6662742789876398,0.028339250472142717,0.7243289144715959,0.568712020061064
LII,1507,1002,0.6648971466489715,0.027459823407761402,0.6851791349818896,0.5399945408853567
CHTR,1507,998,0.6622428666224287,0.027780851732920095,0.7323942553157617,0.5583359549123036
600497,1699,1124,0.6615656268393173,0.029666145232432224,0.7423185280118707,0.5935013903435741
600256,1699,1123,0.660977045320777,0.030820977370440483,0.7280570152419482,0.5922048865865818
CNC,1507,995,0.6602521566025216,0.027973057757646906,0.6929498084616823,0.535109792492273
CDNS,1507,995,0.6602521566025216,0.02732741483017562,0.7056682937311229,0.5529217203810829
601238,1699,1121,0.6597998822836962,0.03036845812830487,0.7407548906360204,0.6121566372149101
WST,1507,993,0.6589250165892502,0.027271304858450668,0.6965203986072628,0.53095937101437
INCY,1507,993,0.6589250165892502,0.026822579249492374,0.7129238461411823,0.5230239341904922
RF,1507,990,0.656934306569343,0.029197813016396665,0.6394709959195409,0.5344327015838884
SOLV,443,291,0.6568848758465011,0.02816941277675665,0.585569416340567,0.4891800550230572
002432,1699,1116,0.6568569746909947,0.035522853779372233,0.614990634070224,0.5862686756466992
BG,1507,989,0.6562707365627074,0.02695706861578648,0.7245899842847963,0.5198931941397302
DLTR,1507,989,0.6562707365627074,0.028129707243738197,0.6803504958375923,0.5228687264972569
600196,1699,1115,0.6562683931724543,0.031303942477687675,0.6755175182939811,0.5719116061532212
000998,1699,1114,0.6556798116539141,0.031609749447728416,0.7240309156248083,0.6174675811181829
000333,1688,1106,0.6552132701421801,0.026263784896080302,0.7283505288741372,0.5434492689656917
600157,1685,1104,0.6551928783382789,0.031201406392923365,0.677971577817376,0.5810343762099134
002091,1699,1113,0.6550912301353737,0.031331584528931276,0.6774222697802367,0.582592172856442
BIIB,1507,987,0.654943596549436,0.027285273778350206,0.41259046912468383,0.42114642483099973
600867,1699,1112,0.6545026486168334,0.028217336334551417,0.683816200254896,0.5368574884693847
HWM,1507,984,0.6529528865295289,0.029695041555747564,0.6578703801075582,0.5699469754158731
600323,1699,1107,0.6515597410241318,0.026913202323501726,0.7263243719249507,0.5435325343992736
601919,1699,1104,0.6497939964685109,0.03174164421834472,0.6909036981370806,0.5804265624946394
000630,1689,1094,0.6477205447010065,0.029657527954381466,0.7131562462701337,0.5782579513349823
600516,1699,1100,0.6474396703943496,0.030463521683515567,0.6663724346376937,0.5764229503108241
601117,1699,1093,0.6433195997645674,0.030002123613216112,0.7002577357870903,0.5784987589243389
EBAY,1507,969,0.6429993364299934,0.02635005440781439,0.7351709018993074,0.5459250460270971
FITB,1507,969,0.6429993364299934,0.028602729789331552,0.7022661786101888,0.5491611060877911
GE,1507,968,0.6423357664233577,0.028079418779287275,0.6973834763067481,0.5761794382376476
000967,1699,1091,0.6421424367274867,0.02940445551045776,0.739584678771468,0.5798306696370286
600398,1699,1086,0.6391995291347852,0.028011773410205897,0.7383189276385269,0.5735074989494319
JBHT,1507,963,0.6390179163901791,0.0260130412862252,0.7220793649829402,0.5201458727202054
WAT,1507,963,0.6390179163901791,0.026513329481078783,0.7199846272907178,0.5229500394249202
UHS,1507,961,0.6376907763769077,0.028256069854011665,0.681621472940818,0.5359331678009801
HBAN,1507,960,0.6370272063702721,0.02834857707488565,0.6933844571918594,0.5432203171695075
BEN,1507,960,0.6370272063702721,0.02771066273999625,0.6870291540605558,0.5232622831124659
ADSK,1507,957,0.635036496350365,0.027454172525430608,0.7319274049677841,0.5475881626307774
LYB,1507,955,0.6337093563370936,0.027549444398991815,0.7234316897480579,0.5356264589185402
600372,1681,1062,0.6317668054729327,0.028568855319563352,0.7191657804213205,0.5682858450160774
600547,1698,1071,0.6307420494699647,0.026548379777609526,0.7075863723082455,0.5241295328352764
PCG,1507,947,0.6284007962840079,0.029201141381259555,0.6531087993374787,0.5319943071769251
TTWO,1507,944,0.6264100862641009,0.02645424489784143,0.7134374929494222,0.5325290285977414
CSGP,1507,944,0.6264100862641009,0.026908814594957333,0.6651822622513096,0.5023563388946615
600489,1698,1063,0.6260306242638398,0.026688603695999742,0.6653992040704523,0.5315559808437426
CRM,1507,942,0.6250829462508295,0.026906509930797348,0.7133262412534495,0.538401242469899
REGN,1507,942,0.6250829462508295,0.02626104338836658,0.7078945955708463,0.5274891281138718
600039,1687,1053,0.6241849436870184,0.028329808703791655,0.7052690175934625,0.548836168865389
600004,1699,1060,0.6238964096527368,0.028219327778908603,0.7669767020717511,0.6067978408788838
600362,1699,1058,0.6227192466156563,0.028433344400314392,0.6773214700574721,0.5461595142686125
600511,1699,1058,0.6227192466156563,0.02897404054519276,0.6622831020236265,0.5459270419563803
ADBE,1507,937,0.621765096217651,0.026250066266790058,0.7241847092459069,0.5272968665402328
BKNG,1507,937,0.621765096217651,0.026753222445167174,0.6840052233090466,0.5598436965412805
CARR,1454,904,0.6217331499312242,0.027421116747940663,0.7126158852607896,0.5390427971103782
600998,1699,1054,0.620364920541495,0.026741231995636734,0.7190796055188126,0.5234424893815411
MTB,1507,934,0.6197743861977438,0.02736497275465024,0.7019464629042522,0.5353039100248072
000157,1699,1050,0.6180105944673338,0.027303828178701275,0.6429799911029221,0.5176228773063754
002701,1699,1049,0.6174220129487934,0.02728168392711693,0.7191944167499507,0.5435183104112914
600219,1699,1048,0.616833431430253,0.028341490492000323,0.7060218636968455,0.5544299148607412
NVR,1507,928,0.6157929661579297,0.02691733003585862,0.7134314520849409,0.5515179025352233
600153,1699,1045,0.6150676868746321,0.027740049384938303,0.6965989918318707,0.5420599385267869
IQV,1507,925,0.6138022561380225,0.026447350484755397,0.7149010126610545,0.5064780367281679
GPN,1507,924,0.6131386861313869,0.0270676547452859,0.6575136635079118,0.4999549513223461
600660,1699,1041,0.6127133608004709,0.02774349493766349,0.7405949961065251,0.5563260459135649
TFC,1507,923,0.6124751161247511,0.027606524353258922,0.7198180847690219,0.5387820956600915
HPQ,1507,923,0.6124751161247511,0.026587483399373717,0.6801963054067293,0.4967717902218184
600436,1699,1040,0.6121247792819305,0.027287552398073938,0.7044534177780031,0.5363728866437667
600115,1699,1040,0.6121247792819305,0.02620997179674313,0.7321534708986713,0.5297665023657183
EMN,1507,922,0.6118115461181155,0.025803804986234677,0.7210686291956981,0.5080607300244868
SCHW,1507,921,0.6111479761114798,0.026873739960619602,0.6905341344539156,0.517430678221731
TSCO,1507,920,0.6104844061048441,0.025511230587315317,0.7040359062472108,0.5075994040893917
TRMB,1507,920,0.6104844061048441,0.027042930834346023,0.7033566533932775,0.5187315917066103
EME,1507,919,0.6098208360982084,0.026713526585377182,0.6805570598185524,0.511439740590775
MTD,1507,918,0.6091572660915726,0.026030664559034515,0.7334538834397459,0.5208007865902969
INTU,1507,915,0.6071665560716656,0.026343422286904533,0.7357557772575629,0.5482874891840044
AMZN,1507,915,0.6071665560716656,0.025844521005358424,0.7226916334743438,0.5416757199510952
LW,1507,915,0.6071665560716656,0.027068372207815595,0.6275315470798657,0.48762574239998724
DOW,1507,915,0.6071665560716656,0.02685576889239023,0.7234584668891186,0.523497348176017
DVA,1507,914,0.6065029860650298,0.026397641854516988,0.6977178328181803,0.5157353011983888
HAS,1507,914,0.6065029860650298,0.02656699252053398,0.711795591099243,0.5154961674065904
000617,1699,1026,0.6038846380223661,0.02994166387637747,0.7119239121018729,0.5522560132655783
600085,1699,1026,0.6038846380223661,0.02775004512462774,0.7490186789069628,0.5620532520557899
FOXA,1507,909,0.6031851360318513,0.02685334328206318,0.6932189067117887,0.5344158592072056
HUM,1507,907,0.6018579960185799,0.027166920697051147,0.6843870295621798,0.5084821715635448
SBAC,1507,907,0.6018579960185799,0.025435367508998996,0.7221133312139,0.5004687332396718
002266,1688,1015,0.601303317535545,0.028147077546686317,0.6865203585632987,0.5347388855085656
600007,1699,1021,0.6009417304296645,0.02755190919352403,0.6318711170541639,0.5021267185111215
601866,1688,1014,0.6007109004739336,0.028296075520976734,0.6937616690885648,0.5398724591897173
600535,1697,1016,0.5987035945786683,0.02659325346882351,0.6960211955562317,0.5249475677872604
600010,1699,1015,0.5974102413184226,0.030771943874612514,0.6620866485751611,0.5398176304409392
NTAP,1507,898,0.5958858659588586,0.02538487671236052,0.6666837846243446,0.5025182966333338
ADI,1507,898,0.5958858659588586,0.025334038935581952,0.6607538245525179,0.4872808742830125
EW,1507,896,0.5945587259455872,0.025295427029550285,0.7183645467885675,0.5057822235012097
WFC,1507,893,0.5925680159256802,0.026002403826140868,0.6982261256065555,0.5351405133632021
IR,1507,892,0.5919044459190445,0.02596695639234041,0.7226765396621269,0.5434161934294135
600089,1699,1005,0.5915244261330195,0.029629680826000912,0.6947133917565472,0.5662789887060791
600009,1688,998,0.5912322274881516,0.025709594975024393,0.7752438622624075,0.5643374386477569
MSCI,1507,885,0.5872594558725945,0.025639524424572152,0.6927574681450633,0.4941843315777245
CBRE,1507,883,0.5859323158593231,0.025969976807774194,0.6906094210388365,0.5133717325718102
KIM,1507,878,0.5826144658261446,0.027009409659626442,0.6842724455969613,0.5087560073677078
OKE,1507,878,0.5826144658261446,0.029022933340613555,0.6461061038549424,0.531622415106873
GDDY,1507,878,0.5826144658261446,0.026100755150538037,0.689693083655257,0.5371037081868476
MLM,1507,874,0.5799601857996018,0.02561532929602431,0.725348597299169,0.5318018999181632
MAR,1507,874,0.5799601857996018,0.027383255065520824,0.6912770972486473,0.5424283286488918
DLR,1507,873,0.5792966157929662,0.024838412750480713,0.6992971818116667,0.4892227879317754
300070,1690,979,0.5792899408284023,0.027765528990069076,0.709388716056883,0.5407563454640378
HCA,1507,871,0.5779694757796947,0.02640227385198096,0.6934845878099878,0.5299719079052345
CMG,1507,867,0.5753151957531519,0.025822395678345086,0.6942655943912112,0.5309187088933695
600208,1688,969,0.5740521327014217,0.02789062069345303,0.6427318186364595,0.5154961818877769
PTC,1507,865,0.5739880557398805,0.025902649952394042,0.6295210664295413,0.48848050905891754
000725,1699,972,0.5721012360211889,0.026229091667122485,0.7256232280828496,0.5290707347930755
ISRG,1507,861,0.5713337757133378,0.025527260167651528,0.6536184629547077,0.5124177541632745
LLY,1507,860,0.570670205706702,0.02481702565127143,0.7352626755573136,0.5342377882186584
ERIE,1507,858,0.5693430656934306,0.025798765271715204,0.6458484688040348,0.4875251248771212
000039,1694,961,0.5672963400236127,0.02702127095667693,0.6939865289939803,0.5319150425925275
600886,1699,963,0.566804002354326,0.024450000280082512,0.6999848384350585,0.5042557264423654
601216,1699,963,0.566804002354326,0.03083147781092887,0.6164317571726184,0.5344871678301878
C,1507,854,0.5666887856668879,0.02540530519873587,0.7017215891046938,0.5115097160438108
IP,1507,854,0.5666887856668879,0.025151595045482613,0.6604469079794495,0.4713316059867384
NWSA,1507,853,0.5660252156602521,0.02551381899720835,0.6917489972648739,0.5005035364269035
TDG,1507,852,0.5653616456536165,0.026221515030538812,0.6945559082502298,0.5559692285656078
SPG,1507,850,0.5640345056403451,0.028446649727251586,0.675187300473733,0.5240263154090024
601088,1689,949,0.5618709295441089,0.02466990197411786,0.737233541801877,0.5273370376371739
EFX,1507,846,0.5613802256138023,0.02528710236955305,0.712422318228614,0.5018892674056692
GEN,1507,845,0.5607166556071665,0.02523499275233649,0.6539655181073337,0.4614428280103671
FOX,1507,843,0.5593895155938952,0.025629260746157533,0.6947373760113602,0.5157080594223676
600019,1699,949,0.5585638610947616,0.02515587552358879,0.6891631477861448,0.4937322657272918
DPZ,1507,841,0.5580623755806238,0.025005862197203795,0.6816827454293592,0.4753744755910285
STT,1507,838,0.5560716655607166,0.025778455228158373,0.6909719390497292,0.5071132965579187
002252,1684,932,0.5534441805225653,0.026444704706234612,0.6524172850977703,0.499586948169285
CHRW,1507,833,0.5527538155275381,0.023869234057770132,0.6847164564586884,0.4627550101841617
TGT,1507,831,0.5514266755142667,0.0241696047074921,0.7311484930775992,0.5119719044959539
VTR,1507,829,0.5500995355009953,0.02737067152205274,0.6466879248627575,0.4955607162426363
CAT,1507,829,0.5500995355009953,0.024038139662671324,0.6548298943130899,0.4927772065763216
WY,1507,829,0.5500995355009953,0.024963949396915232,0.7287928200367816,0.4929563550267868
600585,1699,933,0.5491465567981165,0.024113621978270005,0.7191033362474513,0.5071649867102971
FIS,1507,827,0.5487723954877239,0.024575639334386386,0.6863421405765371,0.4925664456893425
GOOGL,1507,827,0.5487723954877239,0.02340619771748363,0.6965487210368616,0.49911767899750126
MAS,1507,825,0.5474452554744526,0.023826001497532126,0.6829597038057145,0.47339036328796785
TAP,1507,823,0.5461181154611812,0.024371289735477718,0.6725607516940583,0.462120856313264
001965,1699,927,0.5456150676868746,0.02401566578278218,0.6950267707324059,0.4967005613917888
ARE,1507,821,0.5447909754479098,0.024076272317239585,0.7013027492506718,0.48512452329664074
DRI,1507,821,0.5447909754479098,0.02696360184745672,0.6940430758572764,0.522469170981992
USB,1507,821,0.5447909754479098,0.025150159221858766,0.719566437064792,0.4997806661995342
PNR,1507,820,0.544127405441274,0.024207334424214424,0.6836329184923893,0.507091515057872
HSIC,1507,820,0.544127405441274,0.02477872645356114,0.6640158854465272,0.4597857429494061
HLT,1507,819,0.5434638354346384,0.02559816510276007,0.7144579631533919,0.5492534381948116
HUBB,1507,819,0.5434638354346384,0.02432926333093507,0.7183194210822368,0.5202212586345772
ROK,1507,818,0.5428002654280026,0.024369385262966746,0.7017804653306718,0.4789075681345821
DE,1507,817,0.542136695421367,0.02425730964591515,0.7148477888495467,0.48839959304007635
CBOE,1507,817,0.542136695421367,0.02416015142489332,0.7060324681632801,0.5224052876955518
ELV,1507,817,0.542136695421367,0.02460500623137892,0.7010769526402548,0.4873021484995258
601800,1699,920,0.5414949970570924,0.026925003373608723,0.7278386998267328,0.5337090883894395
NTRS,1507,816,0.5414731254147312,0.024926739619404715,0.708182594795605,0.4985255576790121
600655,1699,919,0.5409064155385521,0.025547579949732807,0.6343654393473092,0.47615687842952187
FDX,1507,815,0.5408095554080955,0.02435102679579748,0.7222039723720302,0.49650411378274384
TYL,1507,812,0.5388188453881885,0.02450381509324039,0.6773806301797807,0.48313836030009144
PH,1507,811,0.5381552753815527,0.024790675335136902,0.6517119738328154,0.5257549311044748
WELL,1507,810,0.5374917053749171,0.025885523109656437,0.6708268091343855,0.5283550063473075
NWS,1507,810,0.5374917053749171,0.024530970788278497,0.6659339321151287,0.48887226851039495
GOOG,1507,810,0.5374917053749171,0.023127512420690246,0.6980120368534064,0.49825807410329825
000001,1699,912,0.5367863449087699,0.024282338106344007,0.7337769954526595,0.5180607156635169
601727,1699,911,0.5361977633902295,0.027239446528282266,0.6069487965358624,0.4932180127044404
RJF,1507,807,0.53550099535501,0.024707105154679283,0.7000380297702122,0.5030659178370586
VRTX,1507,807,0.53550099535501,0.024228948785839467,0.7030012772696033,0.5005363119000651
IRM,1507,807,0.53550099535501,0.025068135757731536,0.6645439371233833,0.5018325114611607
601000,1699,908,0.5344320188346086,0.024423795579227706,0.6946338467467693,0.4984022114112651
PNC,1507,805,0.5341738553417386,0.024375435749870368,0.7402704082622188,0.514961679713288
DG,1507,804,0.5335102853351028,0.02449004284585752,0.6918466565076006,0.48879080871514463
AMT,1507,804,0.5335102853351028,0.023378413008555417,0.6602479021463683,0.43175364937575955
EXR,1507,803,0.5328467153284672,0.023706063818181064,0.7095414099363408,0.4744585170196409
601618,1699,902,0.5309005297233667,0.02635485174560327,0.6684787103674147,0.4986761702065509
600887,1699,901,0.5303119482048264,0.023317000740556083,0.7268311236135436,0.48166118717081213
TXT,1507,797,0.528865295288653,0.025204922785639048,0.7173142024944641,0.5062032722680536
IT,1507,796,0.5282017252820173,0.024542488810310018,0.654795550116852,0.4858126614349123
IFF,1507,795,0.5275381552753815,0.024401327557434124,0.6737357521796061,0.45823405102041076
RMD,1507,795,0.5275381552753815,0.02401364119798091,0.6894251334928233,0.46372977623755013
EQIX,1507,794,0.5268745852687459,0.02371292927432503,0.6873632055969042,0.45729314190303466
TROW,1507,793,0.5262110152621101,0.024454958936823295,0.7205616805603848,0.5062790251395141
VMC,1507,793,0.5262110152621101,0.024685218233317457,0.7149494383258861,0.5148236178309309
HII,1507,792,0.5255474452554745,0.02412817016844836,0.6694462459870012,0.4647520210319038
COO,1507,791,0.5248838752488387,0.023667265482841284,0.6710118113142072,0.44054353141002156
ETN,1507,789,0.5235567352355673,0.02396363464747704,0.6895611895242854,0.5071016213787218
TXN,1507,789,0.5235567352355673,0.02331257787412158,0.6897404156085689,0.46082422413277235
A,1507,788,0.5228931652289317,0.023431738890247116,0.7417018553002109,0.4883993827061004
CI,1507,788,0.5228931652289317,0.024068108392871247,0.6823618919820622,0.46808713133224394
BALL,1507,788,0.5228931652289317,0.02437834595511108,0.6664419408603908,0.4651248518910418
601669,1699,887,0.5220718069452619,0.026734966680670023,0.6863476695449281,0.5077172903846594
KVUE,667,348,0.5217391304347826,0.024221115605040165,0.6564038749562545,0.44030372972059123
AIG,1507,786,0.5215660252156602,0.02545596360272334,0.6814303500822434,0.5028567799463047
600104,1699,886,0.5214832254267217,0.024792204032566087,0.7119825422080197,0.4940792306970565
WMB,1507,784,0.5202388852023888,0.024682129785080536,0.6634546889488662,0.5101984197257696
GEHC,762,396,0.5196850393700787,0.024405026903106676,0.6744170792657568,0.45182135534650636
ROST,1507,783,0.5195753151957532,0.024728154510343932,0.6914106870891448,0.49804631463378546
OMC,1507,782,0.5189117451891174,0.02385905791802793,0.6875413873916726,0.4686861299014576
BAX,1507,779,0.5169210351692104,0.023510629234001965,0.6705532053992503,0.48955206907253834
DD,1507,778,0.5162574651625746,0.023849730245551766,0.6860328660940032,0.4688895379467401
XOM,1507,777,0.5155938951559389,0.02394537148561491,0.7382674638832111,0.5330110203309458
FFIV,1507,775,0.5142667551426675,0.023507192824068122,0.6671120995725683,0.47616862348396943
PLD,1507,775,0.5142667551426675,0.023569445057428477,0.7038858657769762,0.461388488389033
MS,1507,771,0.5116124751161247,0.02400705560257774,0.6886319663627554,0.5096975579792108
CVS,1507,769,0.5102853351028533,0.022914719704328092,0.7210078517191237,0.4778244677044766
GS,1507,769,0.5102853351028533,0.023401976343625643,0.6691744664811051,0.49314531367358844
TT,1507,768,0.5096217650962177,0.023464089612894302,0.7046521740100851,0.5322830480143407
BAC,1507,767,0.508958195089582,0.02357100617743594,0.7211941871043646,0.5005254629992656
CTVA,1507,767,0.508958195089582,0.024317700759434468,0.6798112046090139,0.46944264405339614
600036,1699,862,0.5073572689817539,0.022939988735242133,0.7284384930296226,0.4872560673979093
CMI,1507,763,0.5063039150630392,0.023205184966853663,0.6687097306900224,0.47584276024878336
600938,899,455,0.5061179087875417,0.024576307375210264,0.7240071893255141,0.5188477996754882
PFG,1507,760,0.504313205043132,0.024511525062510045,0.682977818575032,0.47917730794179203
NKE,1507,760,0.504313205043132,0.02327018782322064,0.7238485817503106,0.4917719687543515
600795,1699,855,0.5032371983519718,0.024277858575417106,0.7499902581824348,0.5294037715323138
CCI,1507,758,0.5029860650298607,0.022835319565554235,0.7000659862981782,0.46231407108049793
600030,1686,846,0.501779359430605,0.024520107287730037,0.6727930128088244,0.46654268345982985
AOS,1507,751,0.49834107498341074,0.02284428163790459,0.7334810252570422,0.48953020763464555
AXP,1507,749,0.49701393497013935,0.023731004806963937,0.6722289932481254,0.5105224182532673
CDW,1507,747,0.49568679495686796,0.023530909256289,0.6984282224909463,0.47504564991829373
DHR,1507,747,0.49568679495686796,0.022890700007710516,0.7264835643317052,0.4681703176797013
601319,1699,841,0.4949970570924073,0.024061732474987396,0.6545939985846622,0.4587220336449411
000651,1693,837,0.4943886591848789,0.02229201655719445,0.718265211174949,0.4800772513984401
TMO,1507,744,0.4936960849369608,0.022781696783488646,0.7366497863495607,0.4759460472908955
ALLE,1507,744,0.4936960849369608,0.023074373252480015,0.6676611163781591,0.4493977897322963
EG,1507,741,0.49170537491705374,0.023096575064818797,0.691766590427813,0.47344180357267246
DIS,1507,741,0.49170537491705374,0.022855285019618466,0.7118323943821777,0.48788822697718653
ORCL,1507,739,0.49037823490378235,0.023757842040538515,0.6126964255700929,0.45151595068854367
600704,1699,831,0.4891112419070041,0.024429584110138926,0.6222602908662418,0.447028309114391
PCAR,1507,734,0.4870603848706038,0.022633155559127628,0.6959259718879923,0.4975256303456957
ESS,1507,734,0.4870603848706038,0.022945670037251148,0.6755384959601586,0.4459575074013612
KEYS,1507,733,0.48639681486396813,0.02310782887917136,0.7092854051565156,0.4667176133314757
REG,1507,732,0.48573324485733244,0.02427163394754953,0.679644274723863,0.47582764491333235
WAB,1507,731,0.48506967485069674,0.02348258752930902,0.6694540623354648,0.5176368219026097
AMP,1507,728,0.48307896483078966,0.02393653255721486,0.6588281065685091,0.4989758494886867
ACGL,1507,726,0.48175182481751827,0.02342982273480188,0.6930022436568564,0.5311455651187356
600941,968,466,0.48140495867768596,0.02281543136807903,0.7208552426641566,0.4854915781643938
NEE,1507,724,0.4804246848042468,0.02299209392594224,0.6797324369887244,0.434850877565025
CINF,1507,724,0.4804246848042468,0.023247011574224596,0.6664859053088236,0.4720520229483418
PRU,1507,724,0.4804246848042468,0.02343375938970988,0.6835245410407983,0.4741126804853262
FRT,1507,722,0.47909754479097544,0.023701756136691787,0.6563701225349032,0.44965206761500964
HOLX,1507,722,0.47909754479097544,0.022661693314317676,0.6672247907690627,0.43620556562226465
000538,1689,807,0.477797513321492,0.023070683881767164,0.6886492530904895,0.47242160079387335
JCI,1507,719,0.47710683477106836,0.022768512292789457,0.7020167371624547,0.48999565285014857
ZBH,1507,718,0.47644326476443266,0.023185987780210162,0.7007181994582339,0.4591174276513781
LOW,1507,717,0.47577969475779697,0.02279708775104931,0.7338822373293437,0.4858687481714409
600637,1699,807,0.4749852854620365,0.023869862413491646,0.6975494689687174,0.47667726706404456
CAH,1507,711,0.47179827471798275,0.022645626933732076,0.6671808278646044,0.49428373789845587
EXPD,1507,711,0.47179827471798275,0.022218448337727285,0.7071327557850459,0.44969325206298505
601390,1699,801,0.4714537963507946,0.023452841136200362,0.7016646545221781,0.468759005496318
CPT,1507,710,0.47113470471134705,0.022288125252604436,0.7031145232149181,0.45806151567816406
ZTS,1507,710,0.47113470471134705,0.022560003003276444,0.6995211426920578,0.4429187829985144
KMI,1507,709,0.47047113470471136,0.02256338994840682,0.6739472229305449,0.48470778899298583
MET,1507,708,0.46980756469807566,0.022985143308492415,0.669184185353163,0.46386930044923685
GLW,1507,708,0.46980756469807566,0.02321244064286072,0.5989289402284778,0.443480616128968
KR,1507,707,0.46914399469143997,0.022763311623627852,0.6793922380008416,0.4639443221507902
EIX,1507,707,0.46914399469143997,0.022855812622971244,0.6498633982627977,0.42998576625674506
601985,1699,796,0.468510888758093,0.022912888283128922,0.7153241802042577,0.49744223863612824
ADM,1507,706,0.4684804246848042,0.022480748945025174,0.716210702246056,0.47520705955153353
CPRT,1507,702,0.46582614465826144,0.022542999615516424,0.6788879058297453,0.4859974691957002
UNH,1507,701,0.46516257465162575,0.022670735668019103,0.7111615772200839,0.4768942619529253
UDR,1507,701,0.46516257465162575,0.022625896164865846,0.6754915615326501,0.44407368592924346
MCK,1507,701,0.46516257465162575,0.022290778442849674,0.6705316681700663,0.4917956756366128
600519,1699,787,0.46321365509123014,0.022026914554068258,0.7156796387191532,0.46875318296771223
601607,1699,779,0.4585050029429076,0.022825627643199953,0.6505558122778157,0.4321757524126795
601658,1471,673,0.4575118966689327,0.02155589778831323,0.712713464733882,0.4427655385749851
AVY,1507,689,0.45719973457199736,0.022435254347907364,0.6951191231666953,0.448004765778171
AAPL,1507,687,0.4558725945587259,0.02246120381255226,0.6756028174757714,0.4804753361778918
CVX,1507,681,0.45189117451891175,0.02238808844139886,0.7172923485057254,0.48910309960059417
LH,1507,681,0.45189117451891175,0.02297675925072012,0.6923796279052444,0.45277942775073954
EQR,1507,680,0.45122760451227606,0.02223978758615115,0.6613056543384307,0.43158903330833737
CMCSA,1507,680,0.45122760451227606,0.022192498749957826,0.6597350553182446,0.42547109566552804
FDS,1507,678,0.44990046449900467,0.022512386795717616,0.6692983993531588,0.4293503291982006
SBUX,1507,675,0.44790975447909753,0.022088469618619863,0.6974077536187296,0.44375900633318166
PPG,1507,675,0.44790975447909753,0.0220323589489386,0.7209882879342138,0.4593244037094908
600352,1699,759,0.4467333725721012,0.02301234438838851,0.6276725381513958,0.43091220755143417
AZO,1507,673,0.44658261446582614,0.022108240886277594,0.7035042248644887,0.4897407981968332
PSA,1507,672,0.44591904445919045,0.021645453250836444,0.7104003646333293,0.456738617164403
SHW,1507,669,0.44392833443928337,0.02188240303314311,0.703113720355758,0.47033553851397586
ALL,1507,667,0.4426011944260119,0.02222850014654143,0.6860278940515474,0.48261977298833636
STE,1507,667,0.4426011944260119,0.02181886286011849,0.6933585863349194,0.44363139268243995
ES,1507,664,0.44061048440610484,0.021989702056820767,0.6170013258911705,0.38889939168773074
GL,1507,664,0.44061048440610484,0.023384123822312856,0.4615265721716125,0.3738466040256496
NSC,1507,663,0.43994691439946915,0.02180689396088419,0.7163352090606849,0.4546155607210199
LDOS,1507,663,0.43994691439946915,0.022253483970581654,0.6303321913391092,0.44589967151463844
EA,1507,662,0.43928334439283345,0.02105391013876886,0.6647426795861235,0.41985880746694654
MAA,1507,659,0.43729263437292637,0.021488625605019917,0.7089298370508476,0.45794356130245256
600018,1699,742,0.4367274867569158,0.022639273936643528,0.6576472246409,0.4359586496903537
XYL,1507,658,0.4366290643662906,0.021845235779723197,0.7059549674672679,0.4699476185147306
BK,1507,658,0.4366290643662906,0.022036801086918297,0.6835421832791931,0.4938175550397691
AKAM,1507,656,0.43530192435301923,0.02215280335015089,0.645722702135134,0.4085522889227835
PFE,1507,655,0.43463835434638354,0.021644429358921236,0.7418863466558399,0.48758700062813387
TEL,1507,651,0.43198407431984076,0.021873369603271253,0.6433521355032464,0.4391468249755668
PKG,1507,650,0.43132050431320507,0.021841169790504055,0.6507648115742226,0.45873259782173326
600332,1699,732,0.43084167157151265,0.02169613755458266,0.7016040944029539,0.4474868416184698
688009,1566,674,0.43039591315453385,0.023022953149985547,0.36256761902991363,0.42072415395638213
INVH,1507,648,0.4299933642999336,0.022057261573154355,0.6667897721617946,0.42816109207456426
600674,1699,730,0.429664508534432,0.020895686980366705,0.675794660368124,0.44839454335659173
601728,1058,454,0.42911153119092627,0.022787249403099657,0.648812401558866,0.46908624519767284
SYY,1507,645,0.42800265428002654,0.02347554585197455,0.6747100553487047,0.4394148689452705
AWK,1507,643,0.42667551426675515,0.02144866735605198,0.6721733618023319,0.4162392341027149
600050,1699,723,0.4255444379046498,0.022616811660296166,0.691641771203695,0.4577811052050263
EMR,1507,640,0.42468480424684807,0.021742842824728666,0.6680252825869255,0.45240530084815417
VICI,1507,639,0.4240212342402123,0.023018500909077994,0.7011189399376837,0.4631965195601895
TSN,1507,636,0.42203052422030524,0.0218365071151945,0.6558905665912476,0.42495863598711436
TDY,1507,636,0.42203052422030524,0.021584250004805548,0.6813242917979103,0.43416385436915167
AIZ,1507,635,0.42136695421366954,0.0216981638288135,0.6724384395736906,0.45427522860298114
JKHY,1507,635,0.42136695421366954,0.02160089751778771,0.671445223969719,0.4094480704385376
DGX,1507,634,0.42070338420703385,0.021631901272716747,0.6853623695605809,0.442713993531453
APH,1507,632,0.41937624419376246,0.021618553425941562,0.6102740400923807,0.4429758206423941
UPS,1507,632,0.41937624419376246,0.02134775449247126,0.7398633685328925,0.4802543029687181
AVB,1507,632,0.41937624419376246,0.021557404363206713,0.6439835285041797,0.42141943616667343
601318,1699,710,0.41789287816362564,0.020765321711470542,0.7367699214460226,0.4878811689604201
SYK,1507,629,0.4173855341738553,0.021493966121176624,0.7015191233047715,0.473164467936669
AMGN,1507,628,0.4167219641672196,0.02123673694114668,0.6837039845586966,0.43814287827403886
NDSN,1507,627,0.41605839416058393,0.021632641825045918,0.6778038502111547,0.42685919138906614
MCO,1507,626,0.41539482415394824,0.021437470410439204,0.6665156413383504,0.4567057710383616
SJM,1507,626,0.41539482415394824,0.021156006819879433,0.6578924443671983,0.4082085223922673
GPC,1507,626,0.41539482415394824,0.02154996225403356,0.6936129944853975,0.45707793610844594
HIG,1507,625,0.41473125414731254,0.02243861793647694,0.651204993503098,0.48701496009083955
COR,1507,624,0.41406768414067685,0.021123865676854623,0.6669308278959465,0.4873566824225566
GILD,1507,622,0.41274054412740546,0.021237467810937542,0.6826564362201559,0.44317218015602416
TJX,1507,622,0.41274054412740546,0.02130989310918245,0.6856832223872575,0.49681793106140265
601166,1699,699,0.4114184814596822,0.020680942373179793,0.7251288437257486,0.44794138405802797
FAST,1507,618,0.41008626410086263,0.021109098472357878,0.6767750756780051,0.4612717531259805
MSFT,1507,617,0.40942269409422694,0.020721060546720623,0.7191854578933353,0.5068325347581296
VRSN,1507,616,0.40875912408759124,0.020918209456006184,0.6630417902088189,0.41322276764224075
RTX,1507,616,0.40875912408759124,0.021692758496130553,0.6845553368151599,0.46950047381444526
SNA,1507,615,0.40809555408095555,0.021341274298114044,0.6764011817356669,0.4732776786873239
BLK,1507,613,0.40676841406768416,0.02138432903399393,0.6975407863747898,0.4715866039279522
601668,1699,691,0.4067098293113596,0.020899414875016068,0.7181702442273423,0.43724986926612763
CTSH,1507,612,0.40610484406104846,0.02116589962900531,0.6962881828883946,0.43327393400432085
ORLY,1507,611,0.4054412740544127,0.020815793618237582,0.7109842795287226,0.503556950591593
GWW,1507,611,0.4054412740544127,0.021166906153603438,0.6979359509533607,0.5082892162236959
MMM,1507,611,0.4054412740544127,0.021025656617272764,0.6566466427301849,0.4313688129416323
PGR,1507,610,0.404777704047777,0.021171228971042916,0.703409530301917,0.5010001216276578
CSX,1507,607,0.40278699402786994,0.02112388919709062,0.6948261106180167,0.43522236494240685
CPB,1507,607,0.40278699402786994,0.021285966742600707,0.6393401537799601,0.39356506523774776
CAG,1507,606,0.40212342402123424,0.021180754586520464,0.6309375467853611,0.38889347518697953
JPM,1507,605,0.40145985401459855,0.020997273314437206,0.6705838486817801,0.4808153581836772
LHX,1507,605,0.40145985401459855,0.02105214373314134,0.6855035409145934,0.43402617188786186
ETR,1507,605,0.40145985401459855,0.020865246840129113,0.676009295623288,0.4552707948183237
601186,1699,679,0.3996468510888758,0.021656296054273546,0.6926962713488676,0.4406471078744987
SRE,1507,602,0.39946914399469147,0.020943497254075124,0.6607673198716324,0.42083416860988526
DOV,1507,602,0.39946914399469147,0.02109715256327042,0.659981298042891,0.43441476111289895
D,1507,601,0.3988055739880557,0.020960210435038037,0.6125776277870688,0.3851684192843613
STZ,1507,600,0.39814200398142,0.02132122375476634,0.6782688261396259,0.43114279356957164
ACN,1507,600,0.39814200398142,0.020734372815633145,0.72274599444485,0.4653059454647612
003816,1541,613,0.3977936404931862,0.020734785825688627,0.6773175394706209,0.4390108602407895
FI,1507,599,0.39747843397478433,0.020582384858312788,0.6880239929000314,0.4766957079454581
CNP,1507,599,0.39747843397478433,0.021902210403756173,0.6793076110798373,0.4581487706747233
MA,1507,599,0.39747843397478433,0.020900439740236466,0.6905333983329545,0.460928082735558
TMUS,1507,599,0.39747843397478433,0.02058238485831278,0.6880239845250462,0.47669570334478
601211,1680,666,0.3964285714285714,0.02096607026468257,0.6762890840258521,0.4164058832587658
BMY,1507,597,0.39615129396151294,0.020476151914323032,0.7190275453646544,0.4430089981224596
ROL,1507,597,0.39615129396151294,0.021042387544335253,0.6518732234423612,0.4374783803890554
BSX,1507,595,0.39482415394824155,0.02107007254644853,0.648676800337172,0.48014795483496625
CLX,1507,592,0.3928334439283344,0.020767158521213924,0.6293406642659808,0.39999939238837234
MNST,1507,589,0.39084273390842733,0.020487351481340683,0.7178342488172325,0.45915723229637273
FTV,1507,588,0.39017916390179164,0.021206756035974564,0.6647351674502642,0.4129696243874844
601857,1699,661,0.3890523837551501,0.020243004680356856,0.7312552634795904,0.4880234330050907
000623,1699,660,0.38846380223660976,0.020506619173995877,0.716340601626397,0.43575194103268794
NOC,1507,585,0.38818845388188455,0.020834494717058203,0.6949413625042411,0.4460900799505161
MKC,1507,579,0.38420703384207033,0.02037362924294138,0.6659321398936228,0.403050042448123
IEX,1507,579,0.38420703384207033,0.020426707394038176,0.7015297246981139,0.4303692778671027
WTW,1507,578,0.38354346383543464,0.020796115211756245,0.6666757147511443,0.43487251666884097
HD,1507,578,0.38354346383543464,0.020568296971367493,0.7229807749264272,0.46583031683629084
GRMN,1507,576,0.38221632382216325,0.020539497749480478,0.6217351180962265,0.4521697938701879
600008,1693,647,0.3821618428824572,0.020343665164703,0.6710037457831931,0.4047013331210123
PNW,1507,575,0.38155275381552756,0.020440994753718772,0.6491483116855719,0.41138099280005336
AMCR,1507,572,0.3795620437956204,0.020718411869704998,0.6812791025867062,0.41511779965909307
601018,1699,643,0.37845791642142435,0.02137046359124413,0.6568521994225766,0.4115051792881422
ABBV,1507,569,0.37757133377571334,0.020543429997033232,0.6732552777388838,0.4537766236777183
SPGI,1507,569,0.37757133377571334,0.02031227348192359,0.6742441168770026,0.43950844806571926
APD,1507,569,0.37757133377571334,0.020558766683348443,0.6608258833306608,0.408239904848503
600820,1699,639,0.3761035903472631,0.020320346325694665,0.6942609182866907,0.4254484765287834
OTIS,1454,545,0.374828060522696,0.020510185149053464,0.6773699883268924,0.44118408921674784
KHC,1507,563,0.3735899137358991,0.020641605484663626,0.6685753926500193,0.4144476104462983
CRH,1507,562,0.3729263437292634,0.01980597790883893,0.7136968287031463,0.493910558911199
CME,1507,562,0.3729263437292634,0.020368634025122057,0.6829202845095877,0.4402219548488127
WRB,1507,560,0.37159920371599203,0.02053914903792508,0.6537347937277118,0.462521233758072
MRK,1507,559,0.37093563370935634,0.01983489327428955,0.7003655799383909,0.4535956397945743
PAYX,1507,558,0.37027206370272064,0.02057121857395213,0.6722326044601623,0.43620763906505894
ECL,1507,556,0.36894492368944926,0.01997111052323253,0.6773920169134058,0.44338462810966833
NI,1507,556,0.36894492368944926,0.020443914822505505,0.63352740141021,0.42300861670881085
PEG,1507,554,0.3676177836761778,0.02012650832948935,0.7030649317626402,0.4605401228085472
600170,1699,624,0.36727486756915834,0.02071876540490971,0.624959096461329,0.4218572747706666
601766,1699,624,0.36727486756915834,0.020563391515211436,0.6753928496083436,0.42674804729657795
CTAS,1507,552,0.3662906436629064,0.02034811884954932,0.6656412289001693,0.4897752607543549
AFL,1507,551,0.36562707365627073,0.02033859137416476,0.6586750836690362,0.47797207019282695
EXC,1507,548,0.36363636363636365,0.020694771242221716,0.6934430838565305,0.4522234557250465
NDAQ,1507,545,0.36164565361645656,0.020001056580979584,0.6842082863320914,0.4577382394258203
XEL,1507,545,0.36164565361645656,0.020222821982178334,0.6453973449200416,0.39135267982491057
VLTO,562,203,0.3612099644128114,0.020144337178854825,0.6340372145465638,0.3885470424294546
601816,1445,521,0.36055363321799305,0.019973034271561975,0.5891906363424952,0.37707965265480226
VRSK,1507,541,0.35899137358991373,0.020059454481831513,0.6479444611108771,0.42519907585217753
BRO,1507,539,0.35766423357664234,0.01986670700692163,0.674012553949792,0.4628307001912427
TRV,1507,538,0.35700066357000665,0.020058553105329602,0.6890311441905018,0.4662501189870648
AON,1507,537,0.35633709356337095,0.02005963213988551,0.683752631582102,0.44687998114455285
BDX,1507,536,0.35567352355673526,0.019813985491483922,0.6657096413913929,0.3999489463841358
UNP,1507,534,0.3543463835434638,0.019732833115920723,0.7150301032741716,0.44615107374396673
EVRG,1507,532,0.35301924353019243,0.019962574610554555,0.602275395603836,0.3825032117220432
ABT,1507,529,0.35102853351028535,0.019751243003079892,0.7207979556946418,0.444528128582971
601868,1033,362,0.3504356243949661,0.021261861462374555,0.5935371884222622,0.3978573093258857
LNT,1507,525,0.3483742534837425,0.0197184351606823,0.6795336281700259,0.41892386241008284
MSI,1507,524,0.3477106834771068,0.01945702321155947,0.6612691136974465,0.47432828144142275
CB,1507,524,0.3477106834771068,0.02012495743513531,0.6787671246371029,0.46649437082952605
AEP,1507,520,0.34505640345056404,0.01966175477733923,0.6405321075444549,0.4030555144234857
MDT,1507,519,0.34439283344392835,0.01919555832713995,0.7159489586949555,0.44351692655493413
GIS,1507,517,0.34306569343065696,0.019162518214441718,0.6780160160853123,0.4265482635708875
HSY,1507,517,0.34306569343065696,0.019760698345702515,0.6325611751024068,0.41334949946198857
BR,1507,516,0.3424021234240212,0.019325691566305477,0.6540602141545998,0.43894844277641953
L,1507,513,0.3404114134041141,0.019829543496119893,0.6574905169690795,0.45839908454843814
FE,1507,508,0.33709356337093566,0.020134634211995524,0.5712845003649483,0.37635757599007214
AME,1507,507,0.3364299933642999,0.01939564699603058,0.6905999397961057,0.45622594489755364
V,1507,501,0.33244857332448574,0.019192489989128855,0.6757942215408376,0.4427322886776299
AJG,1507,500,0.33178500331785005,0.019805176721759275,0.6726736034589796,0.475608513639326
ROP,1507,498,0.33045786330457866,0.01927502812508188,0.6545106049771605,0.4173621835024916
601880,1683,548,0.3256090314913844,0.02021804713303307,0.6225718485823075,0.40694036760464336
WEC,1507,490,0.32514930325149305,0.019537067207988087,0.553623675535109,0.3523838300288903
IBM,1507,488,0.3238221632382216,0.019097530858676704,0.660388879527535,0.4537456727900896
CHD,1507,485,0.3218314532183145,0.019003973143174965,0.6344385884531877,0.40048341552655226
PPL,1507,482,0.31984074319840744,0.019095004558978845,0.6713923479342175,0.4188158499741806
CMS,1507,482,0.31984074319840744,0.019099998999158766,0.6203500403233994,0.38393637575327977
600905,1108,354,0.3194945848375451,0.020811411089039337,0.6136540326611506,0.4432310530123868
ATO,1507,481,0.31917717319177175,0.019097570132956265,0.6435905529377193,0.4184497310136198
ED,1507,478,0.3171864631718646,0.01904169162945041,0.632486475317772,0.410460440859951
ADP,1507,478,0.3171864631718646,0.01904036189299879,0.6873674930269018,0.46043246533777804
HON,1507,477,0.3165228931652289,0.019155762247116483,0.6759371048035878,0.42616545818875945
O,1507,477,0.3165228931652289,0.019646884451115218,0.584382315747984,0.37380555281668215
GD,1507,477,0.3165228931652289,0.018554731045926157,0.6950966270900516,0.47676820158829897
LMT,1507,476,0.3158593231585932,0.018877603440881675,0.6781784285586483,0.4327236005671842
T,1507,474,0.31453218314532183,0.018942688875043932,0.6469489764514101,0.4137560960466395
PM,1507,472,0.31320504313205044,0.01882418712750754,0.6874858616579419,0.44894195568351514
ITW,1507,472,0.31320504313205044,0.018885920928029452,0.6848081413051854,0.4422325566605273
DTE,1507,467,0.3098871930988719,0.0191158340099457,0.687641473139139,0.4335991344875955
600028,1699,526,0.3095938787522072,0.0178437391872358,0.7145520909512962,0.4557749763709225
YUM,1507,463,0.30723291307232914,0.018848186697678068,0.6995432216985341,0.4525675632213805
KDP,1507,462,0.30656934306569344,0.018762663765789032,0.6613582973885929,0.4134878167254674
AEE,1507,462,0.30656934306569344,0.019250866552909036,0.6412131476070779,0.4000161727860874
COST,1507,459,0.3045786330457863,0.018429143769487212,0.6866560529826796,0.47896159567660934
600000,1699,502,0.29546792230723956,0.017456760694935985,0.7220842349481642,0.46433402936662205
CSCO,1507,445,0.29528865295288653,0.018528375837982114,0.6697841780264409,0.42690554903975897
SO,1507,438,0.2906436629064366,0.018609089404683,0.6865034147931248,0.448697647682107
ICE,1507,437,0.2899800928998009,0.01859395116388136,0.6780790547134822,0.44732366108835847
HRL,1507,430,0.285335102853351,0.018853745755647605,0.6184039602163894,0.39511338687303643
DUK,1507,420,0.278699402786994,0.01819396360480834,0.6925557931332695,0.4404937248429671
MO,1507,414,0.27471798274717985,0.018157811157733378,0.6730613862299031,0.44442161487028936
600900,1688,454,0.26895734597156395,0.017146665664754087,0.6849929281748239,0.4476402759765749
MMC,1507,399,0.2647644326476443,0.01755081073203325,0.6933838403530543,0.4804808315162361
MDLZ,1507,395,0.26211015262110154,0.017474197182065585,0.6973503590891342,0.4431506964017324
K,1494,383,0.2563587684069612,0.01573891028564963,0.6805689593932399,0.4969510253626371
WMT,1507,378,0.25082946250829463,0.01710452360454889,0.6719082345380932,0.44959981830768225
KMB,1507,371,0.24618447246184472,0.017192468576764545,0.6526925205565305,0.4157921635465419
600177,1699,418,0.24602707474985286,0.016948777071626432,0.625260260266332,0.4176430162180158
LIN,1507,368,0.24419376244193763,0.016945346439319487,0.6973475005932082,0.4912999968593709
VZ,1507,357,0.23689449236894491,0.01663453287891973,0.6736876718681303,0.43949108936983866
WM,1507,343,0.2276045122760451,0.016674822511709323,0.6814563405398971,0.47553350947515083
RSG,1507,343,0.2276045122760451,0.01663026849313163,0.6783083933522779,0.47795937602433364
PEP,1507,338,0.2242866622428666,0.016570254552279905,0.673185452346708,0.4490590942395233
MCD,1507,330,0.21897810218978103,0.016442053508196622,0.6923366469493883,0.468942937341371
CL,1507,326,0.21632382216323823,0.01643614908490761,0.6862347182461543,0.44465340457028046
PG,1507,296,0.1964167219641672,0.01589193472084556,0.685515620471059,0.46314153965529986
KO,1507,290,0.192435301924353,0.015388063365930354,0.6861145737566572,0.47560637101234493
JNJ,1507,281,0.1864631718646317,0.01561245723092658,0.6915051182606695,0.4607321536141552
601398,1699,315,0.18540317834020012,0.01450216453277306,0.7096217268176497,0.5013598063906649
601288,1699,314,0.1848145968216598,0.014206164920036369,0.6923381710989629,0.5056160240159793
601328,1699,307,0.18069452619187756,0.014393437810954035,0.7079898904377279,0.5031020852169772
601988,1699,300,0.17657445556209536,0.01382431582739774,0.7123130862997735,0.5310960928199264
601006,1699,258,0.151854031783402,0.014110639899594461,0.6992808539793133,0.5004311533016885
